temperature,pressure,flow_rate,voltage,current,rpm,vibration,humidity,power_consumption,response_time,packet_size,command_frequency,error_rate,network_latency,label,industry
68.69,181.23,74.19,240.12,24.41,2165.03,1.58,46.95,10.87,75.72,449.14,7.14,0.02,29.32,0,power_plant
85.94,95.82,72.75,234.62,14.01,2647.4,3.18,49.62,33.28,58.81,559.07,8.87,0.03,29.39,0,power_plant
83.15,136.65,87.45,239.21,23.76,1587.89,2.75,43.44,25.77,55.47,726.56,11.7,0.03,23.9,0,power_plant
68.44,136.25,117.48,228.3,22.9,2508.8,4.0,55.89,19.42,65.89,506.86,6.47,0.03,28.83,0,power_plant
87.91,178.51,88.05,224.32,17.39,2508.66,3.55,41.92,21.45,60.19,363.14,13.51,0.01,29.1,0,power_plant
63.82,115.43,106.63,229.91,19.17,1844.08,2.59,46.8,31.8,40.49,484.1,8.24,0.02,18.94,0,power_plant
83.42,141.47,88.81,234.46,18.12,2424.12,2.65,35.97,36.55,47.09,637.22,15.22,0.01,22.58,0,power_plant
51.08,112.96,102.55,224.86,13.41,1654.43,3.22,36.15,24.79,47.56,1007.2,9.87,0.02,22.34,0,power_plant
72.69,136.2,89.11,228.9,13.94,2369.93,2.13,61.67,42.13,33.85,829.62,6.65,0.03,15.15,0,power_plant
75.56,140.55,89.52,223.43,23.84,2319.0,3.97,37.15,26.2,20.33,574.93,9.73,0.02,25.32,0,power_plant
69.44,192.69,137.89,225.96,17.21,1840.77,3.05,39.26,44.17,50.86,831.29,15.16,0.03,29.27,0,power_plant
78.16,161.23,55.92,223.82,11.02,1488.04,3.1,22.88,26.06,49.71,576.75,8.43,0.01,39.52,0,power_plant
65.09,128.45,83.94,232.16,20.09,2416.03,3.39,47.62,30.22,32.33,888.24,13.96,0.03,29.91,0,power_plant
71.12,161.97,121.81,225.05,19.56,3057.0,1.6,43.98,16.64,59.93,572.9,10.92,0.03,23.36,0,power_plant
78.11,175.05,82.88,226.88,18.56,1601.14,3.11,47.38,38.67,59.35,522.97,1.0,0.02,19.35,0,power_plant
65.45,161.54,88.18,217.16,13.53,1967.83,3.33,46.43,33.37,41.48,401.44,13.86,0.03,35.18,0,power_plant
87.82,176.47,89.16,246.27,22.09,2498.9,3.07,42.83,19.56,36.07,252.88,9.0,0.03,34.7,0,power_plant
78.0,171.52,66.75,226.67,16.17,2308.69,2.68,32.07,21.16,63.8,651.85,8.05,0.03,20.91,0,power_plant
79.35,153.64,97.63,230.94,17.93,1352.93,2.74,35.75,26.91,68.39,452.84,7.2,0.0,35.19,0,power_plant
63.99,160.31,59.07,234.4,20.35,3570.47,2.56,41.58,26.38,69.73,657.78,13.55,0.01,35.5,0,power_plant
58.08,206.1,141.83,247.38,20.56,1882.3,3.02,50.13,16.48,45.95,343.45,16.79,0.03,29.07,0,power_plant
64.13,116.16,63.19,227.24,16.69,2943.74,3.17,55.28,25.26,75.01,766.69,6.0,0.0,32.22,0,power_plant
64.53,176.05,102.84,223.23,13.24,2504.89,1.02,45.84,38.11,44.48,611.11,14.64,0.03,30.48,0,power_plant
82.95,152.44,105.14,238.93,24.64,1896.92,3.29,51.18,25.98,59.69,886.36,14.13,0.02,27.77,0,power_plant
53.07,102.36,67.18,238.17,12.83,2933.08,2.18,53.4,10.41,45.61,522.71,13.16,0.03,23.55,0,power_plant
56.63,163.09,76.89,235.94,12.2,2756.74,4.11,62.83,43.61,56.0,653.54,12.12,0.02,28.98,0,power_plant
57.5,186.55,104.53,240.13,18.62,1737.8,1.53,41.68,11.86,31.47,573.69,11.84,0.03,22.53,0,power_plant
63.16,165.48,70.13,234.75,12.84,3072.47,1.95,43.89,18.94,23.13,533.88,10.11,0.02,17.98,0,power_plant
69.36,159.09,93.7,237.33,18.09,2394.64,3.43,40.33,28.39,71.51,691.61,11.76,0.03,32.52,0,power_plant
74.02,167.82,71.72,240.0,16.69,1974.37,2.64,34.97,37.77,62.72,496.23,11.28,0.03,27.98,0,power_plant
58.33,195.48,83.08,229.6,17.55,1842.64,2.17,40.45,28.04,31.83,494.34,10.16,0.03,35.38,0,power_plant
66.48,145.6,102.07,229.68,25.22,2223.44,3.4,43.49,23.87,73.41,435.9,12.62,0.03,39.22,0,power_plant
58.81,138.22,81.26,226.18,11.06,3208.81,1.84,31.64,31.11,53.22,567.54,11.08,0.04,32.42,0,power_plant
73.49,214.07,85.46,222.63,12.27,2541.95,1.9,40.61,31.93,67.51,492.71,4.74,0.02,20.59,0,power_plant
70.81,168.56,75.68,231.01,11.98,1980.24,2.42,46.92,23.74,53.91,388.09,9.37,0.04,33.26,0,power_plant
68.51,175.97,74.85,221.31,25.06,2082.65,4.2,50.05,14.51,68.12,744.09,11.83,0.02,18.44,0,power_plant
71.3,175.29,113.77,229.44,19.07,2291.76,2.49,57.32,18.61,51.09,680.38,9.59,0.02,27.22,0,power_plant
59.62,142.45,106.31,231.49,15.0,2328.3,1.92,44.86,17.36,31.73,223.38,14.21,0.04,22.9,0,power_plant
77.05,154.3,141.98,234.99,18.85,2547.34,2.37,37.97,23.76,71.74,443.56,13.96,0.03,29.86,0,power_plant
90.05,145.81,105.68,231.67,22.49,1547.71,2.17,33.59,30.06,66.21,352.24,9.79,0.03,32.56,0,power_plant
73.11,184.82,72.73,232.77,22.17,1028.77,2.51,55.75,26.36,34.56,678.02,15.27,0.03,30.41,0,power_plant
51.42,183.6,66.01,217.8,18.18,1348.58,3.84,35.89,20.63,64.13,308.64,8.96,0.03,13.08,0,power_plant
67.1,176.67,63.51,218.64,16.4,2315.91,3.22,61.47,23.32,37.5,628.03,11.28,0.01,30.94,0,power_plant
55.05,163.94,47.26,233.34,19.06,1619.84,2.89,55.57,40.38,41.45,280.67,9.64,0.03,22.61,0,power_plant
64.96,141.76,48.44,211.71,16.86,800.0,2.95,58.32,27.13,62.34,733.55,9.59,0.02,32.22,0,power_plant
84.39,118.06,112.97,238.09,16.83,1961.54,2.99,41.47,23.28,25.76,180.41,13.48,0.04,29.98,0,power_plant
83.73,144.55,102.4,236.21,17.2,2191.55,2.89,45.7,25.77,52.23,394.17,12.74,0.02,26.89,0,power_plant
72.4,162.53,91.54,226.88,17.63,2574.94,2.25,40.58,25.07,68.73,404.01,14.22,0.03,36.25,0,power_plant
71.22,181.96,65.15,232.54,13.7,2954.48,1.81,44.33,15.73,43.45,440.36,9.49,0.02,12.62,0,power_plant
48.72,178.73,122.44,232.55,18.5,2753.79,1.56,46.47,12.63,49.93,167.43,13.37,0.05,18.77,0,power_plant
60.24,127.73,98.92,229.09,21.45,2980.56,2.35,65.8,39.07,67.19,730.38,14.46,0.02,33.82,0,power_plant
68.53,151.91,70.11,236.63,19.01,1636.0,3.57,32.94,29.37,58.5,413.26,7.58,0.01,35.54,0,power_plant
68.59,132.27,88.19,225.51,24.29,1767.44,1.96,50.57,32.09,41.26,676.54,10.95,0.03,18.94,0,power_plant
49.46,163.17,80.48,233.44,22.6,1722.31,1.93,66.0,28.29,32.32,633.78,14.56,0.02,28.47,0,power_plant
63.67,141.21,77.88,237.22,10.52,2033.92,2.66,42.55,19.31,74.56,666.19,13.44,0.04,23.56,0,power_plant
70.53,133.57,113.65,231.38,16.09,2067.92,3.04,30.88,36.05,58.36,741.4,9.65,0.02,16.52,0,power_plant
66.8,129.44,113.42,230.76,17.95,2210.51,2.57,49.89,26.46,60.12,550.44,10.33,0.02,35.49,0,power_plant
72.93,141.63,48.86,225.89,8.14,2012.02,2.35,47.54,25.35,72.91,539.45,10.19,0.04,26.47,0,power_plant
61.43,137.05,60.04,228.84,18.87,2377.79,1.6,42.51,25.54,65.31,739.57,9.32,0.03,31.33,0,power_plant
51.0,174.85,95.25,223.46,12.35,2130.26,3.28,42.2,28.64,65.05,512.98,12.99,0.02,22.8,0,power_plant
67.94,158.62,79.28,236.01,19.95,2174.1,2.7,50.54,41.22,63.6,584.88,9.09,0.0,22.38,0,power_plant
61.08,130.66,75.66,223.83,20.5,1942.84,2.98,34.97,38.68,57.4,531.51,12.31,0.02,27.23,0,power_plant
82.22,150.2,90.66,227.19,15.1,1388.07,2.37,37.02,20.52,53.69,328.57,12.36,0.02,32.17,0,power_plant
63.23,123.96,76.29,225.02,21.23,1828.72,2.62,40.02,28.89,87.6,495.91,7.26,0.05,23.72,0,power_plant
66.48,140.15,113.65,231.61,20.73,2018.17,1.54,36.62,24.66,59.09,373.56,12.46,0.02,10.62,0,power_plant
77.05,177.5,63.92,244.28,21.13,1957.61,2.82,40.01,32.51,64.42,788.92,5.49,0.03,22.48,0,power_plant
60.64,150.36,88.07,226.68,14.91,1934.95,3.08,31.83,19.77,55.98,527.93,10.25,0.03,23.17,0,power_plant
71.9,131.16,72.78,234.44,14.48,1815.8,2.98,50.98,31.12,63.63,737.69,10.36,0.02,40.13,0,power_plant
51.12,126.98,114.84,230.24,19.69,1776.47,2.42,32.91,17.17,99.56,604.68,10.59,0.02,31.82,0,power_plant
62.6,130.54,80.55,233.43,19.28,1390.52,1.69,28.82,16.33,54.72,852.99,5.92,0.04,33.04,0,power_plant
68.23,179.4,79.96,228.47,17.11,2280.4,2.45,42.64,28.65,70.97,763.16,12.19,0.02,22.43,0,power_plant
62.78,159.76,88.32,234.7,15.9,1882.78,2.61,53.77,29.61,31.34,509.71,10.34,0.01,17.81,0,power_plant
72.02,171.01,54.03,231.43,18.03,3028.06,1.89,53.97,33.81,41.98,818.05,14.43,0.02,30.95,0,power_plant
44.24,131.81,67.59,231.39,15.91,2082.64,2.35,49.85,29.44,70.09,649.82,6.09,0.03,37.6,0,power_plant
79.03,150.79,117.16,227.12,18.56,1598.14,1.83,42.86,25.18,53.26,724.08,14.45,0.01,28.84,0,power_plant
54.43,147.95,112.62,225.23,14.77,1550.8,2.83,36.28,34.34,53.55,589.73,11.23,0.03,28.04,0,power_plant
82.42,113.84,90.42,224.14,15.21,1861.02,1.48,48.48,29.16,80.57,538.55,12.15,0.01,32.72,0,power_plant
81.18,157.85,72.58,232.06,16.07,2344.66,2.89,54.63,17.7,75.6,471.64,5.03,0.03,20.56,0,power_plant
60.86,146.95,95.12,234.0,24.24,2251.88,2.24,29.46,25.51,51.48,481.28,10.26,0.04,19.58,0,power_plant
78.47,159.46,109.29,232.3,18.77,2716.66,1.58,20.49,24.36,64.22,620.69,10.95,0.02,24.29,0,power_plant
57.12,123.95,49.1,216.83,22.49,3055.27,2.47,52.38,30.56,45.17,768.68,9.9,0.02,28.37,0,power_plant
60.27,170.82,110.17,236.13,18.08,3575.23,3.33,52.72,25.38,68.74,501.7,8.91,0.02,20.63,0,power_plant
66.72,121.2,79.7,220.66,16.45,3054.5,4.38,46.84,24.8,55.32,538.88,5.8,0.03,32.05,0,power_plant
83.05,156.91,55.11,232.64,18.8,2037.32,1.7,40.81,31.23,50.2,137.98,3.84,0.03,23.02,0,power_plant
71.16,160.83,109.62,229.19,16.36,2865.66,2.36,24.43,29.9,45.59,361.53,6.74,0.02,20.2,0,power_plant
81.99,159.86,88.91,233.8,15.07,2586.18,2.36,41.94,33.87,14.41,843.69,5.2,0.03,32.97,0,power_plant
78.3,146.4,111.8,226.44,18.33,2101.65,2.85,28.01,37.98,78.99,479.31,9.92,0.02,16.44,0,power_plant
72.89,162.12,124.07,225.17,25.52,2377.1,2.48,47.2,25.62,46.59,445.34,10.38,0.01,20.83,0,power_plant
76.68,145.83,131.89,228.51,16.92,1569.44,3.27,35.85,33.71,52.84,510.98,11.99,0.02,21.19,0,power_plant
72.65,159.05,80.71,237.34,17.99,1756.15,3.57,31.91,28.86,88.98,708.59,15.15,0.01,33.87,0,power_plant
43.41,145.52,111.28,241.34,15.28,2242.98,2.32,44.29,41.0,42.94,741.28,12.31,0.02,35.86,0,power_plant
81.81,154.36,97.36,229.29,11.98,2022.51,3.77,35.87,31.11,57.42,730.17,4.74,0.01,12.59,0,power_plant
69.14,102.47,90.11,227.47,16.53,2546.16,2.85,49.77,24.39,51.45,632.77,11.8,0.01,26.99,0,power_plant
65.97,152.95,71.77,232.07,20.06,2328.94,3.25,60.06,24.93,43.52,296.9,7.93,0.02,27.25,0,power_plant
71.6,167.33,109.33,223.09,11.17,1975.07,2.69,48.44,22.16,62.51,357.3,9.22,0.03,14.54,0,power_plant
67.77,132.31,78.7,235.21,9.89,3085.77,1.8,52.06,39.02,80.5,170.07,10.58,0.01,37.35,0,power_plant
58.03,125.35,132.27,226.3,20.56,2273.23,3.57,54.0,18.79,38.31,758.47,13.59,0.03,27.58,0,power_plant
76.61,170.68,72.16,231.19,15.56,2047.13,3.59,43.37,21.23,54.21,458.71,9.43,0.02,45.75,0,power_plant
65.62,172.12,70.83,224.12,21.31,1908.42,3.31,35.6,32.83,60.9,704.01,8.06,0.03,37.72,0,power_plant
64.76,148.12,84.62,235.48,21.7,2007.68,2.93,51.16,37.86,43.9,379.53,6.31,0.02,20.88,0,power_plant
47.16,136.77,92.29,224.97,20.3,2455.45,2.26,31.41,31.72,51.84,669.66,15.31,0.03,38.25,0,power_plant
62.55,182.68,108.22,221.6,14.69,1135.62,1.68,48.44,35.2,67.16,525.72,7.56,0.04,30.95,0,power_plant
74.2,154.87,94.66,224.01,17.91,2592.15,2.71,45.39,45.63,68.3,619.62,8.96,0.02,30.34,0,power_plant
72.91,147.71,103.59,227.54,21.38,2556.79,4.08,35.35,24.37,71.42,348.29,8.74,0.01,17.46,0,power_plant
77.57,168.61,115.09,236.22,20.53,3239.44,2.49,49.67,19.72,64.78,883.74,10.4,0.01,17.3,0,power_plant
64.57,169.34,113.97,237.55,21.22,1379.68,4.17,41.73,22.82,86.24,603.99,7.8,0.01,33.05,0,power_plant
70.08,184.88,88.94,232.42,19.26,2540.51,2.26,47.5,32.26,47.14,436.44,12.59,0.04,32.83,0,power_plant
76.19,161.12,102.11,228.88,23.77,1627.61,3.39,30.49,35.24,59.61,375.76,10.57,0.02,18.26,0,power_plant
73.27,171.1,112.0,230.11,23.13,2684.84,4.05,47.33,28.85,42.68,471.88,15.19,0.02,26.89,0,power_plant
72.41,140.67,83.57,221.98,14.19,1639.47,2.37,28.01,32.57,36.57,768.95,10.47,0.02,33.49,0,power_plant
59.53,114.07,146.11,228.19,17.02,1790.86,1.88,36.73,43.29,34.56,331.53,10.74,0.02,29.0,0,power_plant
54.91,152.09,84.79,219.2,22.8,2320.47,2.43,41.13,34.01,41.79,535.61,16.15,0.01,27.32,0,power_plant
68.63,142.15,106.6,226.05,21.89,2386.67,1.47,54.66,37.28,35.73,710.85,14.44,0.04,23.04,0,power_plant
60.84,164.01,76.96,240.39,9.93,2504.13,4.14,45.22,29.95,67.16,553.97,4.08,0.02,32.55,0,power_plant
73.07,180.05,102.86,240.3,25.21,2265.78,1.59,46.89,26.58,33.09,514.74,14.1,0.02,21.96,0,power_plant
73.96,145.47,68.12,238.45,10.33,1997.31,3.93,52.5,19.23,60.89,409.05,10.02,0.01,32.22,0,power_plant
60.99,178.57,90.02,223.9,23.82,1881.76,2.95,40.68,14.19,79.78,418.69,11.51,0.04,26.79,0,power_plant
79.75,158.32,62.15,220.07,13.99,2596.11,2.56,43.95,41.27,26.62,361.14,11.5,0.02,21.29,0,power_plant
65.51,154.08,103.42,228.3,21.69,1986.36,2.89,57.14,40.87,30.15,233.02,6.03,0.02,35.54,0,power_plant
66.29,147.47,97.06,237.07,12.97,1909.05,2.31,48.01,27.82,75.63,391.01,10.01,0.03,33.01,0,power_plant
78.09,163.77,88.43,232.17,20.27,1574.48,3.4,42.68,33.99,45.97,527.6,12.32,0.02,36.29,0,power_plant
59.0,148.29,85.28,228.89,20.28,2499.04,2.1,52.35,28.94,46.57,399.3,6.65,0.02,26.91,0,power_plant
70.0,165.19,53.17,228.73,25.4,2351.81,2.4,37.53,19.23,67.95,175.86,8.21,0.03,27.83,0,power_plant
71.05,142.76,98.48,226.57,15.89,1822.61,2.04,48.72,32.16,91.8,203.62,10.38,0.02,42.22,0,power_plant
74.26,157.96,84.79,230.96,20.25,1672.19,3.18,40.11,21.05,65.09,518.49,8.55,0.02,22.99,0,power_plant
67.24,163.41,69.57,223.91,11.51,1824.96,2.04,50.43,45.26,78.74,804.87,11.01,0.03,48.3,0,power_plant
71.98,126.41,93.67,236.57,19.94,1904.56,3.21,66.85,28.26,59.26,97.96,18.66,0.01,31.76,0,power_plant
60.36,149.57,74.09,237.12,18.95,2131.64,1.66,34.84,39.58,43.89,691.0,12.91,0.02,25.93,0,power_plant
66.28,183.7,49.18,224.94,22.64,1485.81,1.86,46.03,26.52,67.58,305.12,11.7,0.03,23.26,0,power_plant
74.07,178.03,53.58,232.03,18.12,2797.37,2.25,33.94,35.46,39.52,676.04,9.07,0.04,28.7,0,power_plant
78.94,176.63,84.74,228.49,17.98,2846.93,2.39,51.88,39.92,33.78,233.95,14.83,0.03,27.47,0,power_plant
64.23,204.36,60.58,226.57,22.07,2860.82,2.21,32.96,26.89,36.58,804.65,8.18,0.03,5.0,0,power_plant
70.98,170.69,71.47,227.83,16.42,2437.72,2.66,41.29,27.6,78.11,777.02,10.72,0.01,27.31,0,power_plant
74.59,177.08,92.43,219.72,15.33,2288.56,1.33,45.78,32.16,33.2,376.54,8.04,0.03,22.05,0,power_plant
85.29,199.74,87.19,231.84,14.22,1875.21,1.99,47.07,18.62,67.57,761.79,4.03,0.01,10.58,0,power_plant
60.91,114.15,94.04,226.67,16.72,2739.19,2.59,45.48,24.48,56.99,533.39,5.38,0.01,35.66,0,power_plant
80.92,165.48,56.46,222.0,19.05,2151.72,3.02,41.14,28.88,51.84,489.37,12.14,0.03,36.17,0,power_plant
79.36,160.28,121.74,228.06,16.35,2261.98,3.29,23.27,28.4,46.36,733.26,3.09,0.03,28.52,0,power_plant
78.72,170.62,120.19,228.75,25.49,1272.53,3.4,54.94,23.4,61.93,494.0,11.01,0.02,27.27,0,power_plant
60.81,176.75,116.85,237.55,19.78,2100.9,3.36,40.06,36.77,73.42,596.02,12.56,0.02,18.95,0,power_plant
51.9,148.35,59.91,231.94,12.95,2600.24,2.22,52.26,33.86,66.26,544.04,10.06,0.03,37.81,0,power_plant
60.61,115.13,74.42,227.85,17.4,2064.91,2.05,38.49,22.49,45.66,586.17,10.95,0.03,24.73,0,power_plant
49.95,146.37,67.65,230.43,18.97,2141.11,3.93,41.96,33.89,53.24,436.28,8.0,0.02,30.05,0,power_plant
64.37,213.91,81.49,227.43,16.58,2103.29,3.81,33.93,26.27,34.95,416.13,9.99,0.03,32.56,0,power_plant
65.73,152.7,114.77,236.66,17.63,2382.61,3.24,55.87,21.65,52.03,618.47,4.62,0.02,41.81,0,power_plant
66.49,146.18,108.84,230.74,21.7,3164.35,3.08,31.44,26.67,45.59,433.35,10.05,0.0,16.69,0,power_plant
71.42,122.44,78.42,214.92,15.96,1809.67,3.11,53.8,31.03,71.6,701.09,7.88,0.03,28.17,0,power_plant
71.74,148.26,49.55,229.44,17.89,1820.6,2.96,38.15,28.86,55.62,474.89,7.91,0.03,38.68,0,power_plant
82.07,142.73,81.78,235.53,23.26,2079.66,2.17,50.96,27.62,57.13,650.26,8.02,0.03,37.28,0,power_plant
48.39,160.18,88.56,225.39,12.79,1364.32,3.04,52.59,28.84,78.7,671.82,9.36,0.01,28.66,0,power_plant
81.78,132.81,89.27,241.92,11.37,2774.43,2.21,50.67,22.08,48.08,505.31,12.99,0.02,27.95,0,power_plant
71.51,133.97,107.49,219.57,17.27,2570.55,1.95,42.57,25.98,48.62,572.73,11.96,0.02,28.06,0,power_plant
58.94,144.63,71.06,241.79,14.79,2233.68,3.29,39.06,22.1,57.74,418.59,16.18,0.01,29.84,0,power_plant
63.98,190.92,54.55,228.9,21.65,1503.51,2.45,32.21,20.7,93.87,355.49,10.47,0.02,27.62,0,power_plant
53.56,162.83,101.45,229.36,9.88,2131.35,1.88,52.35,28.66,70.07,587.28,6.12,0.02,25.57,0,power_plant
82.38,127.6,87.06,227.53,17.32,2633.34,2.87,30.98,17.68,36.7,545.03,10.76,0.01,21.16,0,power_plant
69.9,152.29,106.83,233.39,10.72,2174.11,3.33,46.29,41.25,59.15,64.0,8.82,0.02,37.0,0,power_plant
68.03,182.89,47.47,229.82,12.61,2414.14,3.71,50.97,36.09,51.76,546.09,9.48,0.02,22.66,0,power_plant
68.7,166.25,80.86,215.78,16.79,2475.24,2.22,26.2,22.59,51.71,479.49,3.81,0.02,30.96,0,power_plant
75.33,180.66,62.83,231.16,21.1,2326.57,2.19,49.44,17.17,63.97,624.16,12.68,0.02,34.49,0,power_plant
71.2,196.02,100.12,225.83,26.76,1209.71,2.52,44.2,34.67,62.06,461.56,12.09,0.03,38.54,0,power_plant
82.62,140.08,122.1,221.91,19.27,2171.09,2.84,59.08,17.94,33.76,435.48,6.03,0.03,28.65,0,power_plant
64.17,141.1,104.21,235.98,15.63,2268.25,2.3,45.64,24.88,76.09,574.55,11.57,0.02,25.47,0,power_plant
43.04,146.05,78.7,229.0,17.93,2618.35,2.5,36.76,36.65,71.45,579.14,9.25,0.02,24.85,0,power_plant
78.86,154.09,110.8,224.12,10.43,1361.19,3.51,52.92,22.69,57.23,556.29,10.42,0.03,25.86,0,power_plant
54.01,147.23,68.31,227.72,18.27,2691.92,0.84,47.19,33.56,65.8,298.76,7.86,0.04,30.32,0,power_plant
55.54,200.0,96.8,211.36,17.08,2075.19,2.94,39.4,24.05,62.94,290.58,6.8,0.03,19.96,0,power_plant
75.81,139.41,90.2,219.35,15.45,2263.64,2.01,43.38,39.37,70.73,509.44,15.18,0.03,16.84,0,power_plant
42.8,143.03,84.56,228.71,13.63,2614.63,2.53,65.65,28.05,44.05,440.05,16.1,0.02,13.82,0,power_plant
59.57,133.96,129.65,233.5,25.13,2083.73,2.78,40.78,30.44,38.87,729.72,13.98,0.02,32.61,0,power_plant
83.05,158.46,79.39,240.86,17.68,1519.92,2.69,48.19,25.59,61.78,438.94,13.33,0.03,26.8,0,power_plant
66.72,144.84,100.07,228.86,15.91,2552.9,2.55,60.62,24.61,38.98,958.33,8.35,0.03,17.33,0,power_plant
86.58,160.7,94.34,223.04,14.6,1794.18,4.05,57.44,29.41,47.08,682.11,11.86,0.02,24.72,0,power_plant
76.14,177.92,88.07,241.38,15.68,2511.85,2.58,49.11,32.33,74.08,510.01,10.52,0.03,38.7,0,power_plant
85.84,135.22,71.71,229.36,21.74,3036.8,2.72,43.47,19.84,47.65,455.98,8.48,0.02,37.83,0,power_plant
60.86,129.41,99.7,235.89,14.52,1913.25,3.23,58.53,24.57,66.46,692.94,8.99,0.02,28.86,0,power_plant
68.0,146.89,79.08,227.63,12.26,2785.19,2.54,57.32,14.88,62.27,718.92,5.34,0.03,39.56,0,power_plant
45.44,151.98,70.75,240.48,17.7,2625.52,2.2,36.26,19.56,56.42,301.07,12.65,0.04,10.94,0,power_plant
68.45,160.74,88.91,226.48,13.04,2395.82,2.43,44.84,27.88,44.48,660.97,13.73,0.04,21.84,0,power_plant
73.89,172.26,87.47,233.26,19.28,1836.16,2.17,42.32,21.7,38.12,543.73,15.25,0.05,33.22,0,power_plant
58.68,188.62,87.82,237.72,14.45,1700.73,3.23,46.89,10.8,31.21,282.41,7.55,0.02,26.25,0,power_plant
63.56,176.11,114.49,224.41,14.16,1563.04,3.91,52.29,31.93,64.7,322.02,11.75,0.04,22.29,0,power_plant
77.33,165.99,125.14,229.32,23.61,2342.18,2.74,33.53,16.59,48.28,513.6,8.64,0.02,21.78,0,power_plant
58.86,188.38,111.24,228.45,17.64,1669.45,2.88,31.91,25.24,39.24,592.17,8.19,0.03,34.67,0,power_plant
63.24,148.17,59.53,219.65,21.83,2617.31,2.6,57.24,17.33,44.28,565.7,13.86,0.03,34.68,0,power_plant
50.74,128.07,122.54,230.91,8.64,2556.14,3.84,37.79,24.82,64.07,429.41,14.88,0.02,33.21,0,power_plant
73.16,156.3,67.8,229.44,18.41,2768.71,2.68,43.87,28.01,48.07,294.1,8.52,0.03,25.89,0,power_plant
64.82,145.3,78.99,236.21,18.75,1990.9,3.02,48.89,41.36,28.29,410.88,10.82,0.03,30.77,0,power_plant
63.65,179.17,74.3,239.28,17.6,1783.0,3.91,25.67,37.34,41.81,507.23,9.05,0.02,27.05,0,power_plant
55.15,157.31,90.04,234.64,16.62,2059.99,2.2,43.88,29.41,49.66,462.18,13.58,0.03,24.93,0,power_plant
70.43,128.58,79.88,229.38,16.86,2223.7,3.72,51.27,22.57,68.65,766.15,13.91,0.02,22.79,0,power_plant
59.16,117.42,93.98,225.14,20.18,2733.77,3.55,44.39,29.18,44.51,454.24,6.4,0.04,21.94,0,power_plant
91.67,100.7,85.17,233.08,24.79,1336.6,2.86,42.71,31.45,97.98,504.53,17.41,0.03,34.71,0,power_plant
54.0,152.38,123.06,228.94,21.85,1641.73,3.99,34.66,24.72,73.11,506.83,13.81,0.03,29.07,0,power_plant
69.86,115.62,98.35,235.87,9.29,1440.92,2.1,40.58,22.16,59.15,631.03,11.01,0.03,20.99,0,power_plant
72.1,168.41,109.84,220.87,19.87,2463.1,1.85,55.72,30.63,64.61,449.41,9.93,0.02,28.56,0,power_plant
73.25,158.46,114.6,236.82,19.68,2107.55,2.15,47.23,22.49,68.94,563.17,7.31,0.03,18.94,0,power_plant
60.69,151.81,136.51,224.25,16.33,2221.47,2.75,50.5,33.88,71.59,510.66,12.84,0.03,34.63,0,power_plant
71.21,171.88,114.09,236.49,24.36,2025.71,2.19,46.85,16.92,56.07,874.3,14.88,0.03,32.24,0,power_plant
80.54,136.32,82.65,236.22,21.83,2351.91,3.67,55.65,39.3,28.91,490.84,3.26,0.01,29.58,0,power_plant
60.35,145.69,93.64,235.82,13.27,1112.33,3.44,51.38,28.7,69.21,637.68,12.35,0.04,18.45,0,power_plant
50.97,128.33,78.0,227.51,21.67,2372.67,1.84,44.06,22.24,58.37,779.23,8.61,0.02,14.64,0,power_plant
87.72,142.02,72.52,235.39,24.78,1821.78,2.76,37.51,25.11,33.45,206.85,9.33,0.04,11.25,0,power_plant
62.36,124.12,95.33,242.19,15.87,2382.49,1.49,48.96,15.8,18.27,333.19,9.29,0.02,22.42,0,power_plant
94.96,160.74,90.68,219.39,13.8,2598.78,2.93,50.82,16.62,43.07,297.03,8.23,0.04,12.53,0,power_plant
66.13,198.1,112.68,229.74,21.66,2511.23,2.72,44.25,27.44,53.08,537.6,14.21,0.01,23.39,0,power_plant
73.69,96.2,104.42,226.61,22.57,2052.37,3.05,50.74,47.8,59.52,438.77,14.02,0.02,28.53,0,power_plant
76.98,181.24,120.1,230.87,15.07,1396.85,2.86,45.6,28.41,50.72,474.17,8.68,0.04,20.5,0,power_plant
89.56,146.07,64.53,225.3,20.63,2005.7,3.18,29.62,26.68,55.72,444.49,9.9,0.02,31.19,0,power_plant
78.32,190.15,104.15,219.89,13.89,2814.03,2.05,53.22,23.93,34.04,637.69,11.06,0.01,24.92,0,power_plant
62.15,182.6,88.72,242.0,13.48,2513.39,2.98,43.83,28.45,10.0,567.21,5.04,0.02,25.2,0,power_plant
73.2,143.54,128.82,229.83,26.18,1805.96,2.91,39.49,25.25,50.83,372.04,12.22,0.04,28.3,0,power_plant
82.58,159.96,107.22,229.83,16.27,2531.18,3.35,43.92,21.07,57.67,358.3,11.59,0.04,31.78,0,power_plant
80.41,138.54,99.43,235.98,13.36,1988.27,2.1,44.63,29.92,88.55,262.05,6.74,0.02,18.53,0,power_plant
53.49,120.78,102.11,223.84,19.32,2782.19,1.91,38.33,17.64,47.91,671.4,7.51,0.03,31.83,0,power_plant
74.49,124.64,98.87,232.33,19.8,1621.77,3.2,44.55,26.88,63.05,535.79,7.59,0.02,20.17,0,power_plant
68.58,157.44,123.22,223.27,17.85,2571.09,2.45,38.5,28.89,83.84,502.93,8.74,0.04,34.68,0,power_plant
64.86,160.66,48.35,235.33,10.66,2213.39,2.96,40.16,30.59,59.42,662.28,4.42,0.03,18.78,0,power_plant
73.33,183.55,69.81,231.52,14.78,1624.87,2.54,60.76,32.82,73.23,514.75,5.47,0.02,19.17,0,power_plant
56.61,132.25,119.11,225.89,16.14,1620.19,1.07,52.79,25.24,44.33,662.74,11.54,0.02,18.25,0,power_plant
52.52,150.84,45.01,225.22,25.48,2743.86,2.27,34.71,33.0,40.59,492.0,12.83,0.03,32.32,0,power_plant
74.69,173.62,87.52,214.04,19.55,1425.99,1.63,41.03,27.16,70.17,931.43,13.64,0.03,16.49,0,power_plant
60.01,118.25,95.87,229.92,13.87,3118.04,1.95,39.18,29.58,79.83,503.32,10.53,0.05,45.69,0,power_plant
63.32,153.58,97.16,241.16,19.16,2500.84,4.69,38.86,24.99,46.81,577.43,11.51,0.03,15.74,0,power_plant
62.31,111.53,101.25,219.84,11.38,2384.48,3.75,25.92,13.02,55.31,698.63,9.49,0.03,26.58,0,power_plant
62.16,184.06,100.26,245.26,14.69,1986.68,2.81,27.84,26.17,52.24,537.03,11.56,0.02,30.33,0,power_plant
79.9,145.06,83.45,228.09,15.47,2164.98,3.08,47.63,25.84,49.26,370.94,11.57,0.03,27.51,0,power_plant
84.58,176.55,72.91,218.29,11.88,2819.95,4.04,51.91,22.01,64.79,718.51,10.8,0.02,35.55,0,power_plant
74.66,131.97,91.99,226.98,7.91,2760.53,3.6,21.07,27.69,63.1,635.76,9.5,0.04,20.37,0,power_plant
49.85,121.11,122.56,233.03,22.16,2003.93,2.17,27.03,30.79,41.84,722.12,15.31,0.03,19.12,0,power_plant
85.04,200.27,62.03,233.48,17.47,1630.42,3.0,40.06,8.33,63.71,406.0,13.51,0.03,29.6,0,power_plant
67.14,157.89,93.34,224.02,25.39,2408.26,3.86,51.31,29.25,32.29,557.29,9.37,0.03,43.12,0,power_plant
65.49,176.08,136.42,222.16,6.16,1701.26,2.0,46.79,14.97,50.66,548.54,14.21,0.03,31.48,0,power_plant
76.99,153.2,110.81,230.75,19.07,1631.25,1.4,55.94,25.19,51.36,622.85,11.43,0.02,26.77,0,power_plant
46.91,173.8,83.17,217.3,25.29,2303.14,2.18,40.66,33.18,51.6,746.53,11.19,0.04,20.63,0,power_plant
80.48,168.03,90.33,237.41,12.4,2317.39,2.04,56.02,33.86,73.66,681.23,8.45,0.02,41.89,0,power_plant
80.63,115.4,123.92,225.79,14.99,1795.98,3.19,26.39,33.31,39.24,605.26,11.45,0.02,28.95,0,power_plant
73.22,169.0,78.25,234.55,13.94,2273.46,2.27,42.22,32.87,44.12,556.09,11.32,0.01,17.36,0,power_plant
87.66,162.58,83.95,223.09,24.22,1962.31,3.07,37.75,28.51,50.68,597.32,13.77,0.02,35.16,0,power_plant
73.96,124.74,110.28,228.0,20.34,2043.01,4.14,47.28,25.21,63.57,467.78,8.48,0.02,24.33,0,power_plant
61.46,110.76,122.17,235.02,18.56,1384.41,3.0,39.13,20.6,74.83,612.73,12.7,0.02,31.92,0,power_plant
67.3,142.02,95.05,233.08,11.75,2324.12,2.51,36.45,24.8,61.03,356.05,11.76,0.02,28.05,0,power_plant
59.71,158.32,51.16,237.98,23.76,2032.0,2.93,32.57,26.22,41.06,477.68,11.66,0.02,29.75,0,power_plant
85.55,137.56,91.33,217.38,20.11,926.99,3.29,45.06,34.77,68.51,504.09,14.47,0.03,18.09,0,power_plant
67.53,136.26,93.58,222.28,14.76,2208.23,2.69,40.08,21.08,49.05,465.58,13.25,0.02,33.25,0,power_plant
53.72,156.73,80.13,234.15,17.08,2384.99,1.83,47.64,20.63,78.82,480.7,4.02,0.02,15.06,0,power_plant
74.72,176.48,98.24,231.62,13.45,2544.78,2.43,45.37,34.23,63.11,463.15,8.57,0.02,16.35,0,power_plant
68.5,158.88,54.87,237.59,14.61,1885.02,2.89,37.4,25.25,66.81,533.29,7.81,0.04,38.4,0,power_plant
71.2,159.07,101.65,241.07,14.9,2119.61,1.84,38.47,33.48,51.27,544.58,11.32,0.01,28.14,0,power_plant
46.3,186.88,102.18,221.62,15.17,2003.89,3.35,33.1,26.57,54.37,385.3,15.72,0.01,22.36,0,power_plant
70.4,189.92,77.8,231.71,17.11,2002.65,1.75,52.92,16.66,25.13,580.01,9.96,0.02,29.89,0,power_plant
59.92,112.64,112.58,228.67,19.17,2038.81,2.8,40.63,26.93,45.49,228.87,7.09,0.01,19.68,0,power_plant
54.2,154.85,76.45,236.8,17.25,2054.08,2.63,41.83,18.49,33.91,377.22,10.65,0.02,38.42,0,power_plant
85.16,136.09,109.86,243.87,21.16,2629.66,2.41,49.0,30.39,48.79,615.62,13.68,0.02,27.8,0,power_plant
70.21,129.2,115.2,229.73,16.61,2466.08,2.68,44.55,28.82,58.43,492.51,10.23,0.02,31.27,0,power_plant
72.4,180.27,91.83,222.41,5.0,1837.5,2.3,53.54,25.41,56.76,372.68,13.73,0.01,24.01,0,power_plant
78.38,147.25,56.6,245.15,14.51,1739.71,2.19,35.26,40.59,61.37,535.37,6.28,0.02,5.0,0,power_plant
50.08,175.56,55.67,238.06,12.94,2555.48,2.77,37.33,25.34,49.75,545.38,12.91,0.01,32.42,0,power_plant
72.25,186.91,73.2,220.83,15.27,1714.43,3.99,38.65,22.51,78.03,536.85,12.1,0.02,34.68,0,power_plant
70.44,132.37,113.93,225.75,20.11,2204.86,3.3,45.32,20.88,75.06,499.81,14.41,0.02,46.43,0,power_plant
38.67,176.3,91.8,221.11,16.45,2497.23,3.86,45.06,30.45,62.94,458.11,17.2,0.03,24.35,0,power_plant
60.74,170.64,76.6,242.41,18.07,1633.26,2.94,38.63,19.09,54.33,711.1,6.34,0.03,28.8,0,power_plant
62.05,151.48,98.17,228.09,13.22,2791.6,3.4,38.17,28.05,57.99,787.31,9.51,0.02,29.15,0,power_plant
54.89,178.31,66.09,228.27,16.76,2798.5,4.4,53.89,26.98,44.45,375.41,6.59,0.01,38.87,0,power_plant
74.03,159.81,59.77,226.54,10.42,3066.04,3.02,45.76,34.63,58.81,393.16,11.2,0.04,38.35,0,power_plant
54.65,174.04,122.47,232.23,16.82,2094.72,3.73,53.5,25.5,80.38,557.63,9.88,0.04,30.94,0,power_plant
75.51,181.99,115.66,223.21,11.79,2751.89,2.06,59.04,34.17,58.05,532.08,10.76,0.03,28.63,0,power_plant
68.03,185.29,91.93,227.73,18.63,2586.81,2.51,38.87,35.44,80.99,518.82,5.83,0.03,22.91,0,power_plant
63.83,113.16,87.86,216.83,19.58,2518.04,3.17,39.38,41.29,34.77,797.15,13.57,0.05,17.87,0,power_plant
64.02,163.02,72.09,221.39,22.75,2458.37,1.76,27.58,24.26,49.77,220.04,12.33,0.02,31.05,0,power_plant
78.78,148.88,119.27,235.63,18.98,2398.74,4.17,38.12,22.63,50.21,626.88,10.0,0.03,28.15,0,power_plant
66.35,188.14,103.87,240.65,16.98,2884.87,2.26,41.35,24.56,35.76,560.09,7.16,0.02,32.68,0,power_plant
57.19,114.09,85.34,226.38,16.13,1772.16,2.63,46.48,28.29,60.61,397.56,11.88,0.03,38.63,0,power_plant
62.04,180.13,85.78,226.08,13.19,2584.05,2.76,39.13,12.94,64.52,349.95,10.73,0.03,29.98,0,power_plant
55.99,167.8,103.43,231.49,13.59,2527.89,3.73,64.31,24.98,64.52,363.49,11.87,0.02,27.72,0,power_plant
62.73,172.12,85.23,225.75,15.65,1555.33,3.41,41.74,43.07,67.96,616.02,4.81,0.03,26.83,0,power_plant
69.76,151.56,96.84,243.27,20.45,1678.82,2.54,36.89,43.75,57.43,768.28,4.77,0.02,24.21,0,power_plant
50.9,183.99,68.0,226.27,21.08,2273.62,3.04,44.78,18.16,57.2,708.12,10.87,0.03,42.64,0,power_plant
48.66,153.57,111.87,232.0,16.98,2491.17,2.98,43.91,25.15,75.87,529.06,13.72,0.03,19.84,0,power_plant
59.74,153.19,88.52,233.05,16.39,2399.77,2.78,49.28,17.95,40.65,874.44,13.18,0.03,29.63,0,power_plant
52.61,122.45,109.59,221.61,21.94,2503.1,2.06,50.12,21.33,68.96,300.66,12.96,0.03,20.27,0,power_plant
69.73,159.31,57.13,231.59,21.39,2227.79,2.73,32.0,31.92,70.43,548.54,12.42,0.03,17.87,0,power_plant
56.97,181.43,99.32,227.73,14.61,2272.81,3.4,45.72,25.59,71.49,547.65,6.26,0.02,30.37,0,power_plant
52.43,124.26,94.11,229.8,14.86,2390.87,1.76,47.51,14.97,52.43,472.97,12.95,0.03,10.83,0,power_plant
84.14,165.95,102.26,232.0,14.44,2730.09,3.15,44.52,22.41,75.26,580.23,7.09,0.02,32.25,0,power_plant
54.41,142.22,75.7,229.52,13.46,2360.19,1.98,47.73,27.72,65.91,493.06,8.28,0.02,31.22,0,power_plant
75.53,134.69,104.82,230.51,12.59,2054.49,2.15,46.58,20.41,43.41,399.1,13.01,0.02,26.5,0,power_plant
61.87,140.47,61.19,237.82,19.12,1985.5,2.26,48.43,24.98,48.07,585.49,13.11,0.04,36.98,0,power_plant
68.82,161.41,103.51,219.07,13.38,1811.33,2.89,49.73,21.97,38.5,311.3,10.04,0.0,36.38,0,power_plant
73.2,152.84,84.51,234.39,22.37,2722.42,3.89,43.82,13.39,37.39,444.56,13.23,0.03,41.94,0,power_plant
90.03,188.73,80.96,230.58,16.17,2292.17,1.58,45.45,28.85,45.45,519.12,8.73,0.03,35.08,0,power_plant
72.83,196.29,82.4,223.99,7.83,2211.1,3.36,43.12,30.07,63.3,187.43,12.81,0.02,31.38,0,power_plant
42.97,98.37,94.53,222.94,20.71,2595.5,2.63,42.89,20.01,45.91,715.69,4.6,0.03,31.67,0,power_plant
65.48,163.01,87.07,230.3,12.35,2093.77,3.99,54.67,18.53,29.53,334.18,10.14,0.03,5.0,0,power_plant
47.72,164.1,74.77,229.14,13.03,3154.61,2.28,53.95,33.54,58.08,378.63,8.79,0.02,32.43,0,power_plant
63.45,141.75,80.24,231.46,15.17,1833.06,1.99,40.41,11.7,43.35,558.21,15.87,0.03,36.42,0,power_plant
63.35,116.14,75.22,235.62,19.48,1801.51,3.59,40.13,31.01,64.12,654.29,8.3,0.02,19.75,0,power_plant
69.71,185.28,68.44,232.9,17.23,2158.25,2.97,40.95,16.96,48.67,412.62,10.3,0.03,26.76,0,power_plant
53.28,108.61,96.33,227.82,14.7,1829.52,3.15,50.58,33.77,65.37,771.71,10.37,0.03,22.5,0,power_plant
65.37,116.27,77.15,238.26,13.14,1986.62,2.92,45.46,31.53,84.09,527.46,11.06,0.03,21.93,0,power_plant
77.56,174.34,102.24,225.37,23.23,1831.87,2.78,42.96,29.99,28.32,532.35,12.62,0.04,26.82,0,power_plant
54.57,119.58,92.09,224.57,14.26,2189.48,3.55,53.65,34.15,59.82,758.89,8.0,0.01,30.35,0,power_plant
60.9,134.28,85.63,227.39,13.21,2032.14,3.64,45.58,37.26,89.21,1001.57,12.1,0.02,34.97,0,power_plant
59.3,154.56,106.0,242.56,14.15,2256.05,3.52,49.88,22.18,39.62,594.26,12.67,0.03,31.35,0,power_plant
63.03,210.91,92.24,231.78,19.01,2199.94,1.52,46.48,29.17,46.84,267.21,4.47,0.02,21.2,0,power_plant
78.1,156.05,74.39,233.84,18.64,1729.06,2.81,56.85,22.78,64.55,545.62,5.59,0.04,19.93,0,power_plant
67.23,166.32,99.11,232.45,19.06,1672.85,2.62,38.06,41.09,29.6,376.44,9.65,0.03,21.26,0,power_plant
62.43,176.99,78.61,230.87,11.66,2746.52,2.75,37.08,23.34,38.5,696.36,8.52,0.02,24.74,0,power_plant
61.43,154.46,97.06,231.51,18.5,2597.15,3.44,20.66,28.36,41.74,372.91,10.51,0.03,21.14,0,power_plant
57.22,191.78,91.62,227.3,17.29,2684.52,4.92,21.64,21.32,48.18,581.7,12.41,0.04,11.08,0,power_plant
75.48,207.29,65.91,224.81,9.83,2531.26,2.85,33.89,32.05,69.42,567.17,11.71,0.02,29.4,0,power_plant
58.39,128.48,117.49,230.63,15.86,2495.23,1.56,31.33,28.56,52.85,461.51,14.29,0.04,23.54,0,power_plant
64.7,127.84,60.12,232.68,26.21,1894.77,2.42,40.71,39.25,60.62,521.55,9.12,0.02,30.5,0,power_plant
65.34,181.05,83.86,240.2,17.84,1778.94,2.77,50.81,27.76,81.47,544.9,11.43,0.01,41.13,0,power_plant
60.73,129.22,101.38,237.49,20.04,1966.46,1.64,47.94,32.89,56.2,525.3,5.3,0.03,38.68,0,power_plant
59.86,159.08,100.4,233.79,16.09,2013.56,2.85,40.71,27.69,64.56,530.97,11.99,0.03,21.95,0,power_plant
62.49,155.12,76.14,231.7,17.26,1674.06,2.43,43.36,31.0,62.38,468.82,9.02,0.02,23.95,0,power_plant
77.58,215.64,114.32,229.75,24.99,800.0,3.79,45.08,25.81,39.94,628.64,11.13,0.03,30.46,0,power_plant
77.12,115.52,76.66,238.37,14.16,1926.63,3.01,44.47,26.74,51.55,454.29,9.88,0.02,24.66,0,power_plant
59.47,179.82,57.04,230.08,20.31,2311.19,1.66,37.74,30.56,57.46,408.98,15.84,0.02,27.79,0,power_plant
51.29,159.02,91.81,231.22,16.71,1928.16,2.29,43.53,32.08,73.84,609.2,8.56,0.02,11.56,0,power_plant
56.68,173.28,108.24,234.74,24.03,1736.74,3.78,39.0,32.35,44.5,604.09,8.49,0.02,32.98,0,power_plant
80.32,165.91,83.33,222.47,23.55,2983.61,1.63,56.57,25.91,43.03,579.78,5.12,0.0,29.84,0,power_plant
66.4,154.84,71.01,227.77,23.76,1767.09,3.95,49.7,20.22,63.43,601.64,11.94,0.02,25.71,0,power_plant
57.07,137.91,76.95,225.41,22.47,1791.32,3.33,55.33,23.82,55.57,235.59,11.05,0.04,24.52,0,power_plant
56.53,132.52,121.83,229.46,19.84,2563.54,2.8,58.47,28.66,64.97,732.39,12.19,0.03,34.28,0,power_plant
71.63,127.49,91.33,226.29,16.69,2417.74,3.67,55.27,28.72,56.57,351.12,7.19,0.02,28.64,0,power_plant
92.44,156.16,82.12,236.81,17.97,2707.37,3.35,50.86,19.5,37.38,508.62,10.8,0.03,25.54,0,power_plant
71.26,166.17,99.1,227.41,5.0,2059.16,2.77,50.48,34.39,68.55,277.49,7.63,0.04,19.44,0,power_plant
80.51,156.44,69.32,233.68,23.1,2637.09,1.47,41.02,29.59,40.78,391.23,17.55,0.04,25.95,0,power_plant
60.85,135.02,105.69,233.02,18.96,1686.23,2.06,60.67,30.49,52.17,185.25,11.26,0.03,22.56,0,power_plant
61.87,178.62,102.08,230.67,11.21,1956.52,3.74,35.53,35.74,44.72,544.51,7.96,0.03,30.69,0,power_plant
66.58,160.76,99.3,222.67,19.13,1986.01,1.57,58.45,34.46,66.65,518.71,6.05,0.03,32.81,0,power_plant
68.32,150.27,82.31,233.05,25.02,1788.44,2.68,68.6,42.18,34.46,402.99,10.64,0.02,40.77,0,power_plant
63.56,136.86,78.71,238.03,15.06,2443.68,2.91,48.21,24.92,70.21,391.9,8.7,0.02,33.74,0,power_plant
57.03,123.73,124.57,231.54,25.19,2552.06,3.61,41.21,31.93,77.19,887.2,3.97,0.04,17.93,0,power_plant
57.02,217.0,82.27,232.38,19.83,2269.65,2.23,38.57,30.31,59.03,654.05,14.78,0.02,5.0,0,power_plant
75.22,133.22,114.51,225.97,15.95,1495.13,2.26,44.34,24.49,63.25,646.74,5.88,0.02,33.1,0,power_plant
66.47,147.13,83.33,233.9,26.02,2495.61,2.31,55.93,29.07,46.7,544.12,15.74,0.0,29.64,0,power_plant
60.88,142.19,92.93,241.26,21.93,2237.38,3.11,53.06,32.4,29.77,543.49,16.9,0.03,26.83,0,power_plant
79.93,167.67,75.7,236.78,13.05,2235.79,2.58,44.24,31.06,34.73,502.77,13.39,0.01,18.96,0,power_plant
73.21,125.12,128.02,224.21,16.32,2663.67,2.55,58.2,19.5,51.17,814.13,2.82,0.04,39.61,0,power_plant
90.65,155.69,75.87,241.01,19.54,1413.58,2.19,54.86,23.78,53.87,725.1,14.33,0.01,31.34,0,power_plant
63.02,136.48,71.58,221.85,16.65,2414.26,3.92,37.28,36.09,57.62,310.46,10.18,0.04,32.27,0,power_plant
56.03,149.77,77.98,226.94,20.56,1798.22,2.87,39.36,19.65,39.13,584.46,12.79,0.02,18.97,0,power_plant
63.91,131.18,88.54,227.13,23.94,1456.51,3.01,55.34,32.14,75.35,633.58,17.64,0.02,25.11,0,power_plant
73.89,166.56,114.8,234.87,15.36,2421.07,4.07,58.88,19.48,58.61,628.55,10.38,0.01,37.03,0,power_plant
72.85,142.49,82.6,227.02,24.96,2132.11,3.14,64.44,16.66,31.68,894.17,9.75,0.04,36.51,0,power_plant
78.73,118.89,94.57,231.87,21.49,2115.05,3.18,47.6,34.89,58.79,305.14,1.0,0.02,31.09,0,power_plant
67.79,195.13,113.37,243.31,19.16,2499.2,1.16,50.76,34.6,52.63,364.53,7.41,0.01,21.26,0,power_plant
54.14,191.8,126.13,237.05,14.51,1877.13,2.83,32.02,22.51,24.36,628.11,9.95,0.03,34.39,0,power_plant
66.71,102.83,79.29,230.68,23.04,2354.78,2.95,34.84,28.32,62.17,747.4,8.68,0.02,19.75,0,power_plant
78.26,176.35,81.13,226.63,20.38,1861.55,2.16,57.89,15.46,49.14,232.49,7.4,0.02,42.2,0,power_plant
49.66,219.76,96.67,228.74,10.23,2108.21,2.99,50.97,32.54,47.89,655.08,14.76,0.02,28.55,0,power_plant
91.0,135.28,60.01,244.95,17.42,1933.93,4.1,36.71,17.86,63.6,507.33,8.97,0.04,25.01,0,power_plant
85.59,195.92,115.05,222.17,20.04,2642.72,2.06,55.82,27.32,55.62,549.69,8.31,0.03,17.59,0,power_plant
48.75,150.58,110.35,242.89,21.04,1491.11,3.2,42.0,19.98,77.24,419.2,6.91,0.03,22.6,0,power_plant
65.29,168.48,101.85,224.73,13.98,2211.89,4.33,38.59,36.82,81.44,557.06,10.59,0.04,22.2,0,power_plant
56.1,151.98,124.61,240.4,17.95,2326.51,2.85,48.89,24.19,86.85,446.78,10.93,0.03,28.87,0,power_plant
82.71,207.8,87.01,229.26,17.52,2764.66,3.86,56.77,15.97,63.88,483.71,5.96,0.03,20.8,0,power_plant
76.04,102.59,100.67,218.87,12.09,1869.26,1.61,40.27,31.17,84.83,677.98,15.85,0.04,17.79,0,power_plant
73.28,163.12,82.55,233.87,13.22,2842.43,3.43,36.6,30.91,25.29,568.89,14.06,0.04,8.15,0,power_plant
49.97,131.09,47.37,224.29,17.46,2488.58,2.02,47.45,28.68,66.08,587.31,7.41,0.02,27.95,0,power_plant
71.54,157.17,135.84,238.92,14.67,1608.3,2.79,50.79,24.12,55.8,669.79,10.26,0.02,30.94,0,power_plant
53.85,182.19,81.15,227.89,30.0,1234.24,3.6,42.11,26.31,61.81,650.28,18.82,0.02,28.53,0,power_plant
69.99,170.02,109.16,236.49,20.5,2363.94,1.89,57.81,26.06,67.61,613.94,12.56,0.02,29.51,0,power_plant
53.87,134.97,83.88,224.7,22.9,1889.05,3.21,52.17,37.19,69.81,498.44,17.92,0.04,18.01,0,power_plant
68.65,207.77,83.72,220.92,19.13,2450.64,1.21,48.18,22.65,62.71,521.35,13.79,0.02,28.71,0,power_plant
62.77,142.88,88.37,218.55,11.16,2137.94,2.65,40.72,29.59,63.95,754.27,13.09,0.03,19.97,0,power_plant
79.37,132.71,78.07,239.37,20.52,3126.97,2.8,56.84,26.45,38.96,761.64,5.9,0.03,20.64,0,power_plant
53.26,143.34,117.3,234.97,14.2,1200.19,3.05,44.5,19.96,34.51,377.79,17.3,0.02,14.81,0,power_plant
44.39,198.75,102.77,221.5,8.1,1873.49,2.53,45.03,21.06,71.68,280.91,8.08,0.02,44.84,0,power_plant
68.42,202.75,89.33,234.47,21.69,1630.36,1.65,57.67,20.98,43.65,454.39,9.6,0.04,34.04,0,power_plant
76.81,147.83,86.47,236.38,12.18,2621.61,2.08,49.63,37.72,51.2,720.96,4.93,0.04,31.95,0,power_plant
83.45,147.17,89.25,224.38,21.19,1755.34,2.37,39.36,33.97,47.86,564.0,3.47,0.03,39.65,0,power_plant
55.27,114.18,75.01,225.07,19.97,2830.65,3.32,46.85,31.76,38.57,370.95,11.79,0.03,21.5,0,power_plant
73.8,132.28,73.79,226.88,18.84,1455.17,2.12,41.1,18.42,62.01,458.2,8.24,0.03,45.48,0,power_plant
78.0,164.24,65.65,236.29,19.4,2636.79,2.02,57.15,22.91,48.9,839.82,12.04,0.02,21.22,0,power_plant
84.51,156.49,111.71,242.2,17.19,1609.23,2.32,37.52,36.5,73.79,333.51,4.65,0.02,31.24,0,power_plant
79.77,145.05,150.0,229.48,13.91,2235.39,3.68,39.42,22.19,72.91,658.44,12.3,0.02,26.47,0,power_plant
71.37,141.57,101.03,232.68,11.81,1951.78,2.65,45.45,18.76,72.35,557.26,10.11,0.01,31.92,0,power_plant
73.4,135.45,99.95,223.41,12.5,1824.64,3.28,49.0,23.81,58.27,593.24,11.88,0.01,36.6,0,power_plant
42.75,93.53,104.06,243.69,16.69,1763.23,2.41,46.12,21.44,59.79,598.17,7.11,0.02,29.16,0,power_plant
61.84,140.99,127.12,237.1,17.93,3468.1,2.11,47.13,25.71,56.79,774.78,7.85,0.02,29.0,0,power_plant
70.09,167.78,62.0,236.23,15.63,1840.16,2.7,50.65,31.7,88.67,364.12,15.18,0.03,25.7,0,power_plant
76.29,167.78,80.35,229.57,14.52,1881.25,2.59,43.35,20.81,49.34,644.78,8.14,0.01,23.3,0,power_plant
49.0,196.05,86.15,235.8,13.77,2154.98,2.33,42.08,13.54,51.15,619.17,5.41,0.02,46.02,0,power_plant
67.23,129.38,59.66,235.27,14.56,2305.45,3.61,59.18,25.65,49.23,365.13,7.06,0.03,42.92,0,power_plant
68.79,138.07,90.84,224.56,18.59,2328.08,2.32,56.85,29.88,63.72,454.39,14.06,0.02,29.29,0,power_plant
69.28,164.1,82.69,230.13,25.08,2141.34,3.22,34.19,34.13,74.06,733.02,11.5,0.01,31.61,0,power_plant
65.18,133.81,78.16,232.44,15.66,2770.54,2.32,44.54,25.29,46.37,351.85,14.7,0.02,28.18,0,power_plant
66.68,159.33,78.25,228.96,23.4,2225.28,2.3,38.89,23.28,66.05,581.89,9.01,0.04,36.49,0,power_plant
53.38,187.42,80.67,225.12,15.86,1403.26,2.46,41.55,36.55,67.22,471.46,6.86,0.02,39.06,0,power_plant
65.59,135.86,97.76,228.07,11.74,2366.46,2.47,47.08,31.27,48.96,667.42,8.62,0.03,32.32,0,power_plant
63.75,152.67,48.35,233.54,16.28,1635.29,3.11,52.04,33.11,38.06,635.6,11.99,0.04,13.42,0,power_plant
55.29,158.13,107.58,234.32,15.13,1545.18,1.82,53.81,27.78,65.43,616.25,8.89,0.03,16.94,0,power_plant
47.39,171.86,97.38,227.16,17.09,2397.36,1.69,37.89,24.03,67.9,520.31,12.34,0.03,36.66,0,power_plant
70.11,126.59,57.42,232.34,17.45,2324.11,2.37,40.63,21.43,47.87,510.09,15.35,0.02,22.32,0,power_plant
67.0,101.38,112.8,224.61,14.43,2781.48,2.23,50.46,28.87,40.97,594.17,13.1,0.02,25.02,0,power_plant
62.05,149.59,66.92,230.08,18.11,2651.2,2.88,42.72,34.65,50.83,419.6,8.17,0.02,29.0,0,power_plant
90.76,168.49,135.83,234.43,19.67,2222.55,1.79,43.12,18.86,87.06,639.24,15.13,0.03,31.78,0,power_plant
55.8,137.03,78.04,230.95,11.94,2606.65,2.6,29.08,41.17,64.48,399.29,12.85,0.02,21.54,0,power_plant
55.86,140.17,110.84,233.95,13.48,2369.43,2.61,40.77,16.39,53.46,537.62,8.86,0.03,31.77,0,power_plant
54.97,137.18,134.61,228.87,20.05,2487.43,3.89,36.91,26.75,39.09,752.52,14.75,0.02,29.09,0,power_plant
68.38,157.27,99.3,226.15,12.83,2407.84,3.91,35.29,28.89,36.77,558.75,8.71,0.03,26.69,0,power_plant
93.75,153.14,85.14,240.38,15.34,2674.36,3.72,42.35,24.75,36.76,521.82,12.02,0.03,21.53,0,power_plant
76.76,158.3,97.39,234.21,19.3,1829.56,4.24,43.0,29.41,67.54,811.1,12.81,0.01,37.89,0,power_plant
56.38,181.81,48.93,231.04,26.25,3037.99,4.17,38.26,26.17,78.24,290.73,7.38,0.04,16.75,0,power_plant
60.63,124.13,75.57,226.38,19.55,2195.41,2.59,45.02,23.33,45.94,587.11,5.76,0.02,27.76,0,power_plant
63.36,155.59,80.86,235.96,18.44,1465.5,2.87,48.02,20.44,75.58,188.15,16.35,0.03,21.05,0,power_plant
65.6,186.28,106.79,211.32,12.85,2606.65,2.59,44.07,28.94,69.29,587.44,11.6,0.03,28.12,0,power_plant
78.59,152.05,108.62,222.74,15.14,1986.84,3.19,47.76,27.17,60.69,461.92,11.96,0.03,7.45,0,power_plant
64.27,146.73,63.53,224.14,25.25,2483.09,3.09,44.98,13.87,62.94,634.61,7.82,0.02,26.45,0,power_plant
73.01,112.73,91.47,235.25,11.39,2751.33,2.86,42.86,30.77,66.93,281.26,12.1,0.03,34.61,0,power_plant
59.89,121.22,96.73,223.18,24.34,2425.61,3.04,53.62,32.62,64.14,261.0,9.03,0.02,37.83,0,power_plant
74.64,138.63,92.88,226.97,13.67,2231.62,2.59,36.68,26.44,67.96,591.3,11.37,0.02,40.35,0,power_plant
69.98,161.0,60.04,231.3,17.2,1849.16,3.86,34.69,22.49,59.09,930.14,16.6,0.02,33.55,0,power_plant
65.5,102.09,62.57,219.13,17.36,2197.56,1.84,41.08,18.56,56.74,811.85,10.8,0.02,40.22,0,power_plant
61.56,172.08,91.86,233.06,21.53,1849.5,3.2,30.68,16.89,50.2,643.57,14.72,0.04,21.5,0,power_plant
71.77,179.37,105.53,246.82,25.18,2386.16,2.17,41.3,20.5,74.73,505.81,16.28,0.02,19.04,0,power_plant
70.19,167.85,113.89,237.23,16.26,2011.02,3.33,52.38,30.94,53.53,279.32,7.91,0.03,8.58,0,power_plant
70.01,134.48,52.09,229.62,12.51,2351.81,1.51,61.51,30.74,62.61,544.53,9.89,0.01,25.03,0,power_plant
68.43,104.05,86.97,231.44,17.86,2686.47,1.74,30.36,35.5,45.12,516.81,10.37,0.03,32.4,0,power_plant
80.6,191.04,86.86,230.84,25.24,1888.68,3.55,43.91,21.18,80.17,625.14,16.16,0.02,23.48,0,power_plant
60.57,144.04,81.37,235.66,18.71,2565.21,2.6,42.58,15.82,45.0,582.51,15.49,0.03,27.57,0,power_plant
77.99,142.94,61.22,229.58,14.11,2649.07,2.75,26.04,24.67,58.95,652.07,10.22,0.01,32.21,0,power_plant
74.55,210.82,68.78,226.77,14.22,1877.94,2.12,40.62,15.17,46.87,505.79,8.91,0.02,41.63,0,power_plant
64.14,134.68,51.73,234.22,22.42,1678.94,3.32,44.37,23.38,49.24,590.57,13.64,0.02,27.38,0,power_plant
89.56,183.17,76.23,235.28,19.19,2368.18,4.2,51.07,34.36,57.77,596.52,14.49,0.04,34.95,0,power_plant
80.41,171.17,81.18,231.34,12.07,1616.87,3.6,49.3,36.56,47.09,494.16,4.79,0.02,20.92,0,power_plant
55.66,127.9,52.26,235.55,15.62,1707.96,2.27,41.63,27.8,24.2,488.98,9.25,0.03,28.71,0,power_plant
69.17,173.07,91.1,232.33,13.37,2566.32,2.52,62.27,38.85,50.0,512.35,13.93,0.03,24.47,0,power_plant
90.3,142.16,51.16,226.32,12.99,2510.98,2.84,52.42,20.9,67.12,570.11,11.67,0.02,24.62,0,power_plant
64.95,186.95,84.16,224.9,21.76,3017.54,2.83,51.21,21.4,51.42,520.07,9.36,0.03,39.25,0,power_plant
83.33,218.24,36.49,235.46,16.68,1261.6,2.24,52.41,17.33,47.09,531.18,11.71,0.04,27.25,0,power_plant
72.25,156.77,64.84,233.09,26.71,2252.79,3.49,47.96,20.17,52.32,712.02,11.44,0.03,16.0,0,power_plant
60.61,176.95,75.25,234.16,23.01,2573.07,3.07,30.28,31.56,57.02,444.66,11.15,0.02,29.13,0,power_plant
57.4,164.57,60.08,227.62,11.68,2028.41,3.35,36.65,26.86,34.63,489.53,10.35,0.02,31.3,0,power_plant
76.01,188.04,80.26,234.76,11.18,2747.75,2.22,57.14,12.23,39.18,568.73,10.66,0.03,19.19,0,power_plant
74.07,155.14,62.62,227.82,18.18,2725.63,2.13,27.95,14.92,45.48,361.74,10.9,0.04,7.3,0,power_plant
82.7,193.44,98.64,229.96,15.46,3600.0,2.25,50.94,16.26,51.99,440.12,7.0,0.02,34.97,0,power_plant
72.5,127.96,99.02,235.89,21.64,1701.54,3.01,53.96,26.85,73.29,764.29,12.38,0.02,25.68,0,power_plant
69.47,121.25,54.78,235.95,22.67,2700.9,4.39,51.82,33.75,39.69,406.68,3.48,0.03,29.11,0,power_plant
87.16,136.31,75.41,243.94,16.78,1873.85,3.38,52.67,27.17,47.96,427.4,13.05,0.03,38.68,0,power_plant
71.11,171.21,100.19,225.5,17.67,2263.66,2.7,54.12,25.75,59.43,401.86,10.98,0.03,25.24,0,power_plant
66.94,98.61,88.28,232.68,21.43,2378.23,2.4,54.98,27.31,42.55,432.21,8.99,0.03,19.18,0,power_plant
77.0,154.85,87.92,238.46,21.76,2502.16,3.42,43.32,35.99,52.74,613.69,9.76,0.02,22.99,0,power_plant
60.39,118.64,122.95,230.11,12.59,2904.7,2.56,59.54,33.24,80.14,438.31,11.01,0.05,18.72,0,power_plant
77.0,132.97,50.19,239.08,11.03,1883.2,1.99,45.22,15.05,33.59,305.87,11.5,0.03,21.91,0,power_plant
60.65,141.56,96.47,228.19,15.15,2406.96,2.89,40.77,31.43,67.55,634.93,14.84,0.03,27.9,0,power_plant
53.32,145.35,81.18,240.81,18.41,2272.07,2.29,45.83,11.33,66.05,284.6,12.86,0.02,18.47,0,power_plant
68.54,118.63,127.19,231.67,11.28,2938.36,2.85,40.79,26.29,59.07,659.18,12.49,0.03,35.08,0,power_plant
70.2,152.2,100.69,230.29,16.38,2316.14,2.32,59.43,29.26,74.65,366.65,11.06,0.03,11.39,0,power_plant
80.12,117.42,101.47,210.57,11.66,1849.43,2.61,38.25,19.49,51.66,773.54,6.47,0.03,37.76,0,power_plant
42.69,148.02,92.54,227.78,13.7,1668.96,2.53,29.85,27.5,41.72,920.74,19.61,0.02,24.73,0,power_plant
69.68,133.36,96.06,232.1,17.08,2140.86,2.92,42.43,33.46,46.3,586.29,12.75,0.01,32.72,0,power_plant
46.36,157.86,131.02,222.99,19.33,2078.31,1.89,40.66,26.75,44.49,567.27,6.34,0.03,29.29,0,power_plant
49.82,180.34,81.93,223.25,9.86,2356.28,2.7,35.66,21.31,71.07,64.97,12.77,0.02,21.98,0,power_plant
91.03,129.03,94.83,239.04,9.29,1944.58,3.1,58.74,18.3,53.39,411.45,11.6,0.03,25.2,0,power_plant
62.36,166.7,84.08,234.26,22.01,2043.09,3.19,49.29,15.88,40.53,823.83,9.14,0.02,35.92,0,power_plant
63.61,176.33,96.89,240.6,22.71,2096.76,3.75,42.82,33.05,39.16,495.85,12.25,0.03,23.07,0,power_plant
72.53,172.76,118.58,212.54,12.37,2744.0,2.56,38.23,18.44,63.29,498.43,11.74,0.03,31.11,0,power_plant
69.29,152.34,102.34,234.23,20.41,2263.38,2.8,35.94,35.69,58.97,563.47,4.25,0.02,16.89,0,power_plant
49.03,141.44,58.46,227.13,11.84,1671.45,3.17,39.78,22.88,71.07,709.27,11.28,0.03,40.98,0,power_plant
58.61,171.13,86.97,221.46,13.1,1508.95,3.22,44.93,38.81,46.7,880.98,2.1,0.01,25.77,0,power_plant
69.58,177.31,92.04,233.3,19.81,1874.93,2.78,54.23,28.26,67.66,611.87,9.78,0.01,25.39,0,power_plant
66.33,143.36,109.36,233.13,20.95,2021.54,1.93,36.59,26.47,77.7,454.3,15.17,0.04,27.62,0,power_plant
70.25,166.73,109.24,225.56,12.17,2314.5,2.34,40.32,20.45,78.2,878.03,16.27,0.03,27.62,0,power_plant
68.96,148.52,116.65,231.27,16.23,2491.37,2.64,43.05,21.12,33.76,622.11,9.21,0.03,24.88,0,power_plant
64.71,188.43,107.0,215.91,6.67,2586.46,1.58,44.03,26.66,50.52,528.36,6.22,0.02,27.38,0,power_plant
66.44,116.82,92.4,228.47,20.39,3041.35,2.94,35.64,12.89,48.32,575.73,12.35,0.0,38.78,0,power_plant
52.85,152.12,95.22,225.33,16.9,1585.95,2.09,54.85,27.12,38.5,704.88,15.08,0.03,29.18,0,power_plant
79.22,127.36,84.77,229.31,14.77,1828.46,2.46,63.05,32.04,34.51,685.31,7.71,0.04,27.34,0,power_plant
73.49,176.34,68.77,226.09,26.0,2849.15,3.12,50.13,25.71,73.52,529.51,13.5,0.03,28.12,0,power_plant
63.13,132.29,113.54,223.51,13.07,2321.79,1.67,47.69,23.23,57.24,511.32,16.25,0.03,33.39,0,power_plant
74.76,168.07,60.05,231.45,9.52,1851.48,2.58,37.73,29.15,76.53,771.57,15.92,0.03,32.48,0,power_plant
67.88,193.09,98.19,237.68,16.34,3333.82,3.27,40.93,22.74,45.08,483.4,11.84,0.02,19.0,0,power_plant
62.29,146.85,107.54,228.36,24.18,1624.64,2.77,44.74,15.97,46.24,644.75,5.98,0.02,22.68,0,power_plant
86.24,125.44,65.7,217.78,17.37,2463.09,3.16,63.82,16.76,57.65,372.31,10.78,0.03,13.91,0,power_plant
61.18,117.09,98.03,231.81,20.48,2207.36,4.68,46.24,36.57,70.43,342.83,10.47,0.02,21.39,0,power_plant
79.64,206.18,106.21,220.46,22.67,2595.1,2.72,36.53,25.66,39.26,357.31,7.34,0.02,36.92,0,power_plant
49.03,154.08,96.74,232.59,17.74,2563.93,3.28,46.54,23.73,77.02,700.91,10.71,0.03,27.35,0,power_plant
43.33,152.96,120.18,232.42,18.61,1954.13,2.27,42.24,18.94,47.54,606.93,7.52,0.02,34.18,0,power_plant
53.3,97.76,88.38,246.62,20.7,1909.42,1.57,46.35,27.0,44.14,452.63,16.61,0.01,41.12,0,power_plant
68.32,166.55,77.78,231.45,18.3,1657.09,2.11,42.77,28.39,56.71,648.52,13.96,0.03,19.22,0,power_plant
69.55,157.48,104.88,224.72,18.63,2051.3,2.56,35.84,26.73,67.65,391.38,9.19,0.01,28.03,0,power_plant
66.11,146.17,93.17,233.09,9.56,2504.53,2.3,55.52,32.63,50.4,355.53,10.81,0.01,17.82,0,power_plant
68.68,203.02,127.57,221.12,21.08,1889.3,2.95,64.64,30.04,55.3,515.52,5.5,0.04,31.75,0,power_plant
82.38,135.1,80.99,241.56,18.37,2637.22,2.3,48.27,9.43,52.94,452.93,7.44,0.03,34.44,0,power_plant
70.62,129.24,90.43,224.07,20.87,1782.95,2.51,46.73,28.1,34.78,619.78,12.22,0.04,35.15,0,power_plant
66.91,209.28,110.35,230.93,18.3,1790.54,3.59,45.9,36.73,40.29,557.36,10.53,0.03,29.36,0,power_plant
75.24,189.44,111.82,232.99,10.74,1863.45,1.24,30.23,26.68,51.1,749.47,15.6,0.04,44.4,0,power_plant
66.94,157.84,64.36,225.08,21.44,2441.9,1.7,57.23,34.07,77.28,637.64,9.38,0.03,20.23,0,power_plant
54.4,133.46,68.7,233.83,15.36,2283.9,3.18,35.72,29.48,32.63,744.23,5.23,0.01,37.26,0,power_plant
47.44,130.57,86.06,234.53,18.56,2484.41,3.45,46.45,21.74,83.57,642.01,11.71,0.05,24.49,0,power_plant
74.34,124.4,84.53,226.1,13.63,2722.83,1.44,43.68,26.35,21.17,485.92,8.58,0.02,35.33,0,power_plant
62.89,171.73,83.42,241.47,9.5,2224.11,2.05,50.2,11.85,64.97,456.75,15.99,0.02,22.16,0,power_plant
76.93,170.56,94.98,229.47,26.67,1629.29,2.4,32.56,26.46,81.45,586.79,12.54,0.02,33.82,0,power_plant
73.09,128.74,99.24,216.76,17.03,2896.56,3.76,36.33,28.09,27.19,563.63,13.35,0.04,26.05,0,power_plant
84.78,127.82,87.81,224.84,15.92,1668.73,2.25,51.21,25.71,69.84,677.49,15.06,0.02,38.52,0,power_plant
53.68,149.58,89.45,227.46,19.54,2217.06,3.6,42.05,39.17,82.16,418.55,17.43,0.03,15.16,0,power_plant
70.59,96.95,150.0,220.2,13.51,1267.16,2.55,39.45,25.29,72.74,442.58,14.03,0.03,37.6,0,power_plant
72.79,137.79,113.28,223.2,19.61,1952.75,2.95,43.87,7.28,40.53,602.48,10.53,0.03,28.41,0,power_plant
59.32,169.32,97.92,227.04,21.44,3146.7,2.83,47.55,34.95,45.98,723.32,11.33,0.01,40.78,0,power_plant
51.11,143.05,95.65,223.12,18.25,2929.84,2.1,41.12,34.1,63.0,634.28,11.59,0.03,33.3,0,power_plant
57.73,146.38,59.02,238.08,19.49,1803.14,3.09,45.3,34.4,39.31,353.75,5.92,0.02,29.31,0,power_plant
75.3,132.66,109.37,224.69,20.85,2279.26,1.1,56.57,6.82,55.83,599.98,5.1,0.01,21.71,0,power_plant
64.82,127.88,92.51,226.03,8.29,1504.86,2.79,33.02,18.15,48.96,126.62,4.91,0.03,28.2,0,power_plant
69.49,130.37,86.66,225.69,16.35,2855.64,1.21,62.15,34.2,33.4,512.59,10.61,0.03,30.81,0,power_plant
86.53,143.25,77.78,235.72,19.96,2260.85,2.91,50.5,44.69,79.34,524.03,8.54,0.01,27.98,0,power_plant
57.8,149.55,91.06,230.67,24.47,1112.89,2.87,41.16,35.73,43.86,338.49,9.27,0.03,29.16,0,power_plant
77.26,150.48,114.46,223.19,16.13,1919.18,3.47,46.29,26.46,59.49,624.02,11.44,0.02,27.39,0,power_plant
57.51,145.54,97.57,237.63,14.7,2002.29,2.36,46.61,26.84,73.28,64.0,8.7,0.02,25.03,0,power_plant
70.17,114.71,115.92,236.81,16.91,2272.25,4.11,58.21,35.18,55.43,289.48,5.8,0.02,28.72,0,power_plant
66.34,168.09,82.93,229.47,13.8,2198.97,1.86,47.49,28.02,53.75,336.15,12.34,0.03,24.04,0,power_plant
70.49,178.98,104.07,222.36,19.02,2414.37,4.28,33.21,14.01,60.74,678.43,9.86,0.02,33.37,0,power_plant
83.41,129.71,56.58,231.34,19.94,2731.19,2.62,36.71,41.08,21.11,749.49,9.1,0.04,23.91,0,power_plant
68.48,165.65,80.2,224.44,19.29,2738.64,1.96,60.38,36.09,45.7,699.09,11.8,0.03,25.78,0,power_plant
72.43,124.69,71.12,234.13,16.1,2384.2,3.86,45.68,30.6,53.17,695.16,8.05,0.03,24.12,0,power_plant
66.93,196.04,90.21,231.2,22.85,2471.01,1.64,39.01,33.69,87.64,550.62,14.04,0.02,30.33,0,power_plant
72.99,182.26,48.71,232.8,16.87,1613.77,2.78,41.95,19.42,36.94,592.18,9.22,0.05,19.67,0,power_plant
59.04,176.97,112.15,230.67,14.52,2628.77,1.98,34.93,34.56,71.93,470.91,10.23,0.03,38.1,0,power_plant
78.78,157.84,97.16,237.96,13.34,800.0,2.61,44.04,26.61,53.69,331.43,6.63,0.02,15.64,0,power_plant
70.54,131.06,90.64,238.35,10.93,1870.35,3.18,33.39,34.44,32.45,740.94,9.09,0.03,31.77,0,power_plant
64.73,96.15,130.99,232.34,20.36,2175.37,1.84,34.66,24.52,34.14,541.42,12.53,0.02,16.0,0,power_plant
72.21,173.58,128.5,225.79,23.55,2194.76,2.67,40.93,29.06,38.92,483.02,13.67,0.02,35.24,0,power_plant
60.1,137.92,135.03,228.49,11.02,2553.5,3.08,44.2,37.41,54.0,450.7,15.11,0.02,32.58,0,power_plant
55.28,173.43,61.95,230.66,12.73,1809.23,2.5,36.68,42.26,59.94,733.72,4.65,0.03,32.02,0,power_plant
47.13,165.86,91.61,229.71,19.27,2730.39,2.73,39.29,22.04,67.31,533.66,8.23,0.04,35.81,0,power_plant
73.73,167.31,96.88,224.04,15.18,2411.72,3.47,38.54,49.07,38.69,704.32,9.08,0.02,33.16,0,power_plant
72.74,129.73,66.81,233.75,20.82,1345.74,1.93,50.19,16.01,49.59,437.44,12.04,0.03,30.7,0,power_plant
79.29,162.32,106.45,227.52,15.87,2386.3,2.39,48.57,19.71,57.02,648.72,11.1,0.03,13.02,0,power_plant
69.0,189.9,97.29,228.16,25.4,2003.35,2.59,54.53,35.88,10.0,535.18,9.64,0.03,23.12,0,power_plant
63.47,184.13,70.55,230.74,16.82,2010.75,3.06,57.66,24.51,59.61,595.77,11.7,0.01,20.83,0,power_plant
56.76,180.28,57.5,244.4,14.9,2719.38,3.06,36.27,35.25,36.5,453.38,11.85,0.03,18.19,0,power_plant
75.49,152.28,92.58,228.26,16.94,1667.23,2.8,32.29,32.63,76.35,599.6,15.03,0.02,39.08,0,power_plant
59.53,164.38,111.95,230.36,17.66,2515.9,1.91,37.58,23.9,59.77,518.78,10.2,0.03,31.44,0,power_plant
49.59,167.47,121.6,233.51,9.37,2478.2,3.07,64.0,12.8,35.27,677.45,14.01,0.02,32.56,0,power_plant
65.99,157.47,88.82,212.52,17.2,2340.78,3.73,34.61,23.4,45.7,532.41,13.33,0.03,28.27,0,power_plant
43.73,148.61,140.77,245.32,18.83,1219.69,1.54,46.04,40.15,73.47,653.54,8.69,0.03,20.68,0,power_plant
65.37,146.23,93.86,222.61,15.98,1905.61,3.78,48.92,21.78,53.37,523.14,12.81,0.03,26.45,0,power_plant
68.01,149.7,72.33,231.74,17.83,2106.5,2.07,38.38,22.36,59.37,495.54,12.19,0.03,29.19,0,power_plant
73.06,176.61,88.64,227.9,20.82,1938.04,1.59,39.97,29.27,53.25,257.9,6.5,0.02,26.01,0,power_plant
83.43,206.01,109.68,239.35,24.05,2296.45,2.02,32.57,39.08,67.66,637.95,11.92,0.01,31.37,0,power_plant
66.61,192.3,55.03,221.71,18.39,1883.81,3.6,39.51,20.38,88.7,591.3,9.58,0.02,28.42,0,power_plant
54.67,164.88,85.67,230.82,22.76,1162.15,2.45,52.94,25.61,46.59,435.6,10.31,0.03,35.98,0,power_plant
59.29,192.81,89.16,228.24,19.01,2158.12,3.54,44.4,34.14,66.26,549.89,14.98,0.03,12.12,0,power_plant
44.5,166.16,77.78,216.15,15.28,1402.07,2.92,51.12,19.31,41.01,694.05,16.41,0.02,10.81,0,power_plant
65.83,171.42,82.38,231.63,19.64,1578.87,3.24,35.23,21.2,55.41,639.21,16.42,0.03,20.2,0,power_plant
52.58,155.44,92.81,235.94,23.22,1627.31,2.9,39.83,24.08,62.34,495.38,8.91,0.02,29.31,0,power_plant
67.56,179.88,104.66,225.11,17.63,2109.59,3.3,40.81,27.01,53.16,637.9,9.73,0.03,19.39,0,power_plant
54.8,146.28,86.9,239.18,18.39,2345.18,3.45,40.29,28.69,64.86,280.1,8.8,0.01,33.13,0,power_plant
61.56,201.01,71.0,223.77,16.62,1596.4,3.58,38.04,22.23,40.57,498.84,8.51,0.03,38.84,0,power_plant
66.62,162.74,55.35,231.79,14.05,2513.63,2.36,30.1,36.29,73.84,682.21,13.89,0.02,30.94,0,power_plant
64.58,115.79,85.31,212.9,19.82,3106.34,2.86,41.6,31.36,49.29,547.22,13.21,0.01,29.73,0,power_plant
72.8,133.37,116.54,232.55,18.52,1401.49,2.8,28.13,23.42,68.77,785.2,11.05,0.01,34.89,0,power_plant
67.74,155.42,94.21,238.34,17.34,2735.5,3.14,61.84,23.72,43.76,680.64,7.93,0.03,34.5,0,power_plant
78.63,159.24,90.91,224.59,15.69,1725.3,2.3,39.0,30.81,69.78,678.94,12.12,0.03,23.79,0,power_plant
67.99,150.15,81.05,229.09,18.36,2346.08,2.42,41.36,16.71,58.58,628.11,10.51,0.04,26.31,0,power_plant
76.95,199.36,83.02,234.68,9.31,2399.8,1.96,45.65,39.01,53.13,473.97,5.99,0.02,36.65,0,power_plant
63.78,133.85,81.31,219.55,20.1,1926.97,2.55,58.56,23.97,78.37,455.67,17.57,0.03,27.34,0,power_plant
58.43,174.54,92.46,233.21,27.46,2267.53,2.69,40.46,31.61,79.81,502.9,5.78,0.03,30.22,0,power_plant
74.98,102.36,74.53,222.56,18.27,3117.43,4.17,41.36,35.23,29.67,685.18,8.75,0.04,29.78,0,power_plant
80.96,156.29,83.3,220.52,17.71,2135.96,2.44,56.07,24.72,58.19,332.76,8.65,0.03,29.32,0,power_plant
65.02,135.88,93.28,223.4,7.97,2974.36,2.64,49.62,19.0,64.97,756.67,8.68,0.02,42.07,0,power_plant
82.98,160.21,50.2,223.05,18.31,2127.26,2.02,32.36,20.13,45.14,546.54,10.4,0.01,26.1,0,power_plant
71.8,114.47,100.08,233.66,13.82,3285.56,2.39,60.96,25.82,57.4,344.17,5.96,0.04,27.83,0,power_plant
58.37,177.3,107.8,227.57,14.9,1741.17,4.22,40.64,35.87,46.54,674.94,7.07,0.03,26.1,0,power_plant
62.05,162.28,93.65,225.26,13.26,1593.99,2.47,35.14,28.6,31.62,642.3,10.27,0.03,22.39,0,power_plant
62.91,151.43,137.96,233.16,15.68,2504.49,3.11,30.49,34.5,33.18,522.63,9.33,0.04,9.35,0,power_plant
65.87,159.03,104.87,228.24,20.19,2144.73,2.19,47.47,37.46,47.94,319.56,9.67,0.04,24.24,0,power_plant
71.68,177.06,96.36,231.07,17.2,2249.7,2.13,36.02,37.82,47.11,499.84,9.8,0.03,25.01,0,power_plant
64.3,162.77,108.19,227.69,21.75,2888.54,3.79,54.79,28.14,54.93,524.43,15.96,0.02,29.22,0,power_plant
80.92,189.85,82.66,232.53,17.28,2283.83,0.87,47.99,32.07,62.65,420.37,15.69,0.02,38.7,0,power_plant
53.23,179.35,73.22,231.56,23.36,2416.73,2.41,48.73,26.66,55.58,745.84,11.67,0.03,23.4,0,power_plant
80.18,152.85,69.49,223.89,18.52,1476.66,2.4,50.31,29.33,62.66,512.91,8.9,0.01,32.68,0,power_plant
83.91,105.1,106.03,235.94,16.34,1526.5,3.36,32.74,28.46,73.23,427.32,11.58,0.03,22.11,0,power_plant
85.24,168.84,87.94,227.78,16.74,2227.64,3.73,36.51,32.5,80.48,480.19,6.22,0.02,24.24,0,power_plant
68.57,181.5,88.15,228.47,11.83,1855.57,3.24,26.4,29.41,68.27,479.02,8.81,0.03,20.98,0,power_plant
80.34,158.28,102.82,243.54,20.89,1641.34,2.27,37.22,26.23,40.34,686.06,12.96,0.02,30.81,0,power_plant
71.12,134.36,91.75,224.25,20.09,2015.48,2.49,48.82,17.09,58.22,510.97,4.4,0.02,37.99,0,power_plant
54.61,157.43,133.83,214.28,19.67,2347.59,3.27,50.56,33.42,45.2,435.63,8.61,0.04,14.97,0,power_plant
53.1,162.35,106.28,214.42,12.59,1540.24,3.14,35.24,35.99,57.06,627.67,9.47,0.02,34.01,0,power_plant
60.22,139.86,94.07,226.3,15.58,2146.48,2.99,61.21,21.55,74.04,414.83,15.76,0.02,19.4,0,power_plant
92.77,160.58,69.97,228.26,19.37,1732.99,3.91,44.49,16.13,37.65,579.5,9.65,0.03,25.5,0,power_plant
62.55,199.86,116.86,224.19,13.57,1346.72,2.23,50.04,37.98,71.48,252.46,10.96,0.04,26.16,0,power_plant
78.37,166.03,78.86,220.7,25.78,1584.24,1.27,54.49,16.67,62.18,231.78,9.38,0.04,23.17,0,power_plant
58.72,198.03,73.88,230.57,18.62,1725.57,3.51,34.0,35.71,59.05,786.02,4.82,0.01,28.32,0,power_plant
62.74,131.76,75.79,234.0,20.08,1981.68,3.62,43.96,30.36,62.06,932.02,7.34,0.03,26.41,0,power_plant
55.41,112.44,107.75,218.4,22.55,2188.49,2.67,46.38,28.0,60.27,689.3,10.75,0.02,33.28,0,power_plant
66.16,151.05,69.63,228.68,18.63,1495.75,3.75,39.96,42.95,69.82,879.62,7.58,0.02,33.92,0,power_plant
62.43,188.22,99.1,227.69,17.7,2408.96,2.03,38.22,30.19,62.82,599.69,6.7,0.03,30.47,0,power_plant
74.07,133.13,106.97,220.29,14.12,2209.77,1.23,61.74,31.43,51.87,465.21,15.6,0.01,28.31,0,power_plant
59.64,190.12,81.93,238.8,15.2,1198.93,3.15,44.5,24.86,34.83,473.17,15.7,0.03,30.95,0,power_plant
70.34,145.45,57.74,241.95,12.09,2431.29,3.46,54.96,30.54,49.72,764.31,9.64,0.04,17.56,0,power_plant
46.38,184.54,119.8,229.49,19.27,2485.71,2.3,49.64,29.38,65.81,727.28,18.75,0.03,23.28,0,power_plant
62.22,118.27,89.92,223.28,10.49,1724.72,1.74,43.59,24.1,51.16,563.11,8.17,0.02,16.39,0,power_plant
83.2,173.85,95.72,242.15,16.41,2361.16,2.44,35.0,31.08,59.74,545.85,12.92,0.04,31.87,0,power_plant
69.46,180.41,100.39,224.39,16.74,2064.01,3.48,33.84,32.35,70.85,499.8,9.78,0.02,9.31,0,power_plant
66.56,161.85,70.02,225.87,15.73,1655.14,0.76,40.73,22.0,32.12,294.52,14.61,0.02,11.76,0,power_plant
38.12,148.45,87.25,233.51,20.33,1563.89,1.79,46.89,22.44,61.57,571.26,9.38,0.03,42.06,0,water_treatment
48.81,81.15,105.81,236.19,14.59,2028.92,1.5,39.04,41.25,37.42,575.95,7.87,0.01,35.95,0,water_treatment
57.7,74.99,48.47,224.01,16.0,2240.81,1.62,47.5,24.95,28.5,546.2,9.5,0.02,39.23,0,water_treatment
43.88,109.31,102.01,230.51,11.43,1585.56,2.93,34.83,24.01,32.45,501.01,11.71,0.02,31.66,0,water_treatment
34.81,74.93,108.52,220.07,16.46,2583.46,3.39,48.26,31.5,61.91,535.07,11.83,0.03,21.47,0,water_treatment
51.51,133.54,79.27,232.61,14.19,2767.25,3.98,31.46,32.09,89.9,420.2,17.32,0.02,20.93,0,water_treatment
33.18,85.62,107.87,217.43,13.51,2136.02,2.98,44.88,32.74,59.17,308.0,10.77,0.03,44.4,0,water_treatment
46.23,57.12,64.39,226.12,18.09,2394.61,4.65,33.57,20.65,70.6,130.99,12.24,0.03,19.52,0,water_treatment
64.13,130.33,115.55,220.88,16.29,2685.34,1.9,40.75,29.85,52.41,631.47,12.78,0.03,21.9,0,water_treatment
37.98,117.43,104.48,228.32,12.41,2507.21,2.95,53.66,32.18,40.41,607.39,13.31,0.02,33.41,0,water_treatment
55.32,118.17,72.56,222.75,18.57,2383.42,3.09,40.91,29.82,59.22,516.56,11.05,0.03,38.66,0,water_treatment
45.16,111.33,78.89,223.42,15.16,2884.43,1.99,47.0,29.6,86.3,774.72,9.85,0.02,32.58,0,water_treatment
46.46,79.01,74.9,220.88,23.13,2231.86,3.49,42.96,21.19,20.14,450.61,8.79,0.02,36.9,0,water_treatment
53.76,107.88,98.51,234.97,18.66,2145.22,2.08,48.75,19.55,44.23,471.38,4.11,0.03,45.52,0,water_treatment
56.04,143.94,113.03,227.33,15.13,1545.17,2.52,33.67,22.22,64.81,384.39,14.17,0.03,34.94,0,water_treatment
26.76,129.85,98.58,223.54,13.4,2349.82,3.15,39.51,30.38,52.88,754.51,11.21,0.04,29.43,0,water_treatment
54.73,110.38,76.25,230.03,21.5,1828.12,1.85,54.08,33.27,65.1,558.51,14.34,0.01,29.59,0,water_treatment
68.21,62.1,88.87,232.65,19.08,1882.74,4.08,32.75,27.64,54.08,652.8,11.54,0.03,24.39,0,water_treatment
36.04,125.55,107.8,227.94,14.21,1972.8,3.47,44.03,14.57,63.67,478.56,10.57,0.03,15.99,0,water_treatment
50.53,99.6,76.06,221.72,26.2,2155.91,2.41,46.03,17.5,64.39,535.11,11.24,0.02,14.98,0,water_treatment
52.53,90.69,101.3,232.87,21.81,1841.31,2.85,48.23,32.18,61.99,817.74,9.3,0.03,31.0,0,water_treatment
44.96,78.79,87.12,218.72,20.64,2321.83,2.45,54.92,25.49,23.93,863.93,15.73,0.03,25.03,0,water_treatment
40.78,84.68,90.15,228.43,13.07,2834.45,2.33,45.85,29.61,41.48,488.76,9.63,0.03,33.81,0,water_treatment
27.79,79.22,86.65,224.93,14.99,2170.42,3.12,42.51,31.91,57.42,634.26,8.4,0.01,34.46,0,water_treatment
45.18,131.79,94.84,223.09,10.75,2210.09,3.35,42.64,30.87,61.25,438.26,9.8,0.02,30.14,0,water_treatment
50.0,30.0,83.87,238.25,17.42,2353.82,2.17,38.24,35.16,31.41,368.24,6.22,0.02,25.33,0,water_treatment
39.44,85.25,72.14,240.67,18.14,1872.58,2.69,57.79,26.49,68.33,730.11,12.16,0.03,26.08,0,water_treatment
47.68,82.43,115.89,222.48,21.63,1866.94,3.75,36.95,29.47,64.01,692.72,8.71,0.03,27.91,0,water_treatment
49.35,57.85,95.59,236.99,21.11,2045.6,2.7,50.36,36.76,42.15,672.01,12.01,0.02,40.92,0,water_treatment
45.92,83.72,75.5,221.52,16.81,1633.46,3.52,49.82,26.63,65.19,678.32,11.13,0.03,23.12,0,water_treatment
57.09,72.86,134.87,227.31,15.64,2340.2,2.48,44.94,19.95,39.12,595.82,5.61,0.02,36.47,0,water_treatment
64.41,65.9,94.04,225.82,10.97,2263.09,3.47,49.43,25.62,65.04,628.12,11.5,0.03,17.76,0,water_treatment
44.78,126.52,83.48,239.02,13.73,2288.65,3.16,37.47,23.51,39.16,698.18,11.56,0.02,33.72,0,water_treatment
53.92,123.34,122.73,235.51,22.79,1891.42,3.1,45.55,24.75,60.44,486.82,10.74,0.02,24.62,0,water_treatment
44.42,79.88,82.92,232.91,9.5,1987.3,3.69,53.85,28.75,54.95,752.97,6.23,0.03,36.46,0,water_treatment
34.21,129.54,95.95,232.12,20.15,2044.57,2.57,39.72,29.86,62.8,435.44,14.55,0.02,23.58,0,water_treatment
56.5,80.62,103.98,229.97,23.73,2764.52,1.8,42.8,32.19,64.46,734.47,12.73,0.04,22.24,0,water_treatment
57.19,72.85,64.2,224.05,12.35,2362.73,2.4,54.1,28.34,58.75,468.11,11.93,0.03,35.28,0,water_treatment
47.65,77.93,83.91,238.06,16.08,2092.56,1.43,51.59,31.52,46.28,336.98,11.03,0.03,22.11,0,water_treatment
49.62,92.07,82.48,232.05,24.77,2240.28,2.58,49.62,32.31,59.0,819.1,6.64,0.02,18.06,0,water_treatment
44.81,131.63,64.5,233.15,13.15,2016.44,3.47,43.28,25.36,38.46,571.79,12.53,0.03,24.15,0,water_treatment
42.74,135.08,90.8,214.82,20.6,2323.62,3.08,51.3,25.39,29.41,341.7,7.72,0.03,18.5,0,water_treatment
65.18,124.29,72.29,224.72,23.13,2643.78,3.33,37.47,26.89,40.63,678.92,6.44,0.03,14.91,0,water_treatment
54.81,93.73,104.09,230.45,16.95,2561.73,3.77,59.22,36.5,64.68,543.87,7.63,0.03,27.65,0,water_treatment
34.01,94.27,117.26,239.52,11.3,1676.06,2.83,50.9,36.25,58.77,415.38,5.34,0.03,24.77,0,water_treatment
54.74,62.76,103.08,233.39,19.57,2248.66,2.66,44.33,33.97,63.99,511.09,7.58,0.02,27.45,0,water_treatment
38.91,92.11,83.87,231.31,16.52,1731.69,1.27,44.3,23.29,46.34,477.87,10.26,0.04,38.91,0,water_treatment
29.5,88.77,88.26,223.84,15.36,2547.56,3.39,42.75,21.41,69.0,572.44,15.63,0.04,36.54,0,water_treatment
44.37,89.22,82.32,236.55,17.16,2132.63,3.25,44.59,20.38,42.62,731.9,12.95,0.03,21.34,0,water_treatment
56.13,140.78,65.51,236.62,16.76,2309.06,3.56,51.6,24.08,50.07,555.85,9.01,0.02,27.35,0,water_treatment
51.17,110.42,95.09,222.51,22.46,2643.29,2.6,38.63,32.01,53.94,538.95,10.7,0.03,19.04,0,water_treatment
43.15,96.64,100.96,229.38,13.91,1987.99,2.87,44.87,33.26,24.65,448.02,11.02,0.02,24.95,0,water_treatment
45.49,122.96,69.33,231.31,18.57,1500.71,3.25,53.13,34.7,46.64,777.18,5.25,0.03,34.4,0,water_treatment
65.17,99.11,102.32,229.22,19.77,2626.64,1.4,57.31,44.98,43.28,717.3,14.95,0.04,15.67,0,water_treatment
41.66,130.61,66.16,224.55,26.94,1962.77,3.01,46.44,12.66,58.96,410.47,10.64,0.03,47.69,0,water_treatment
52.73,115.73,119.3,218.58,9.53,1458.94,2.92,40.75,25.54,66.16,423.35,8.8,0.02,16.25,0,water_treatment
37.39,92.41,122.86,233.94,6.93,2258.82,1.54,42.12,21.88,74.47,574.58,11.83,0.02,31.23,0,water_treatment
33.84,85.82,78.26,238.24,15.55,2816.42,2.72,47.47,22.02,51.09,806.9,7.42,0.02,21.91,0,water_treatment
43.16,107.75,104.91,227.18,18.28,2433.48,3.27,47.36,37.02,35.13,485.27,4.62,0.03,29.32,0,water_treatment
47.65,113.77,114.7,234.96,12.21,1932.72,2.54,53.13,29.34,15.75,799.91,12.52,0.02,42.14,0,water_treatment
58.91,89.44,89.82,231.93,21.64,1774.9,2.73,52.39,20.94,22.52,631.12,10.86,0.02,30.86,0,water_treatment
57.82,149.24,70.49,240.67,10.83,2633.67,2.13,42.43,20.77,59.11,546.8,9.85,0.01,28.04,0,water_treatment
53.74,110.75,108.05,223.27,17.47,1643.94,2.3,46.1,25.99,71.24,590.31,12.97,0.02,22.08,0,water_treatment
54.21,109.31,56.85,229.4,19.98,1704.41,1.83,49.14,34.19,63.92,691.5,10.95,0.03,33.22,0,water_treatment
57.1,116.52,68.25,231.83,11.67,1950.57,1.54,44.1,26.11,66.1,729.39,10.97,0.02,31.89,0,water_treatment
37.05,109.26,83.89,237.55,21.19,1674.98,3.33,50.41,23.74,52.11,591.45,5.78,0.02,29.33,0,water_treatment
51.28,76.83,61.68,231.2,19.84,2245.91,3.38,38.2,14.68,30.84,526.74,9.91,0.04,32.58,0,water_treatment
70.51,127.42,132.38,233.2,12.83,2624.75,1.54,45.05,31.73,66.12,359.17,12.82,0.03,29.47,0,water_treatment
48.77,119.16,53.86,223.21,14.18,2519.41,2.72,40.67,22.31,33.34,440.98,12.39,0.04,31.21,0,water_treatment
44.25,175.77,69.67,224.77,18.6,2185.67,3.07,53.13,40.88,33.19,491.33,14.55,0.02,14.52,0,water_treatment
59.26,130.12,126.81,230.15,12.96,2173.6,2.22,42.6,19.88,38.64,362.88,10.66,0.03,22.12,0,water_treatment
35.71,117.53,97.42,230.71,21.95,1853.26,2.5,54.88,38.94,46.7,632.78,10.54,0.02,21.05,0,water_treatment
56.35,101.99,110.48,225.22,15.18,2041.56,4.01,40.74,42.44,54.03,588.64,5.42,0.02,23.23,0,water_treatment
67.28,86.7,87.87,226.15,20.62,3412.52,3.63,32.79,26.59,53.89,445.13,13.41,0.01,31.33,0,water_treatment
47.82,116.0,85.6,222.27,18.86,2419.2,2.98,52.82,39.34,67.29,826.32,10.36,0.03,31.03,0,water_treatment
48.47,105.76,80.48,224.37,14.21,2521.88,2.87,54.6,29.41,39.66,738.74,10.84,0.02,28.39,0,water_treatment
30.66,111.01,120.03,225.76,24.67,2318.46,1.91,50.05,25.86,53.88,523.72,9.67,0.03,29.7,0,water_treatment
31.34,125.9,136.05,228.42,13.18,1823.58,2.76,45.17,26.69,53.17,556.12,7.33,0.03,32.84,0,water_treatment
65.37,68.99,72.83,232.24,22.91,1797.03,2.75,28.8,25.77,33.47,494.28,15.21,0.02,20.88,0,water_treatment
43.05,92.59,97.7,233.35,22.17,1530.71,2.46,38.89,15.61,68.34,654.37,9.65,0.03,22.0,0,water_treatment
40.49,163.7,113.49,234.55,16.57,2569.64,1.69,51.79,39.56,68.09,437.16,4.87,0.02,38.24,0,water_treatment
28.33,83.03,64.84,233.45,18.22,2470.09,2.34,30.5,19.92,45.33,154.51,15.25,0.03,37.03,0,water_treatment
67.24,110.49,63.15,226.98,18.49,2834.29,3.19,56.82,28.18,63.08,690.79,8.13,0.03,15.14,0,water_treatment
37.83,109.8,83.87,234.35,23.11,1683.03,1.93,53.67,19.74,52.45,616.17,9.87,0.02,31.19,0,water_treatment
53.76,99.94,68.49,233.49,15.91,3094.06,2.6,43.56,5.54,56.83,434.21,5.31,0.02,17.49,0,water_treatment
48.1,140.26,96.07,238.26,15.05,2458.75,2.98,34.88,14.35,69.95,490.92,3.81,0.01,18.81,0,water_treatment
52.97,125.26,86.43,228.3,19.86,2323.8,1.74,38.29,29.32,39.74,511.25,16.97,0.04,24.08,0,water_treatment
33.1,99.07,112.13,237.51,10.32,1556.99,2.17,51.05,21.93,45.42,305.38,14.84,0.02,11.6,0,water_treatment
55.8,148.08,93.47,222.75,14.17,2115.64,2.22,60.91,45.11,42.53,875.95,13.9,0.04,33.01,0,water_treatment
41.61,83.36,126.0,231.04,20.39,2776.26,2.22,37.95,31.98,40.9,511.29,10.63,0.03,33.99,0,water_treatment
42.79,75.47,73.97,233.87,13.74,2404.43,1.93,48.94,12.09,43.15,280.18,10.81,0.04,36.89,0,water_treatment
45.85,73.46,112.01,238.52,16.81,2168.7,2.91,50.34,27.11,52.79,631.96,12.36,0.03,32.24,0,water_treatment
53.5,95.22,52.38,228.75,14.09,2279.55,1.32,41.91,13.67,53.17,319.65,11.58,0.03,38.37,0,water_treatment
68.65,81.63,67.52,217.07,15.7,2248.42,2.45,45.79,31.37,76.54,277.86,7.32,0.02,33.36,0,water_treatment
27.99,96.2,107.5,234.84,15.12,2186.52,4.16,62.01,31.57,42.65,697.27,10.08,0.03,29.4,0,water_treatment
49.93,113.88,66.95,239.66,26.15,1728.01,3.5,50.92,25.02,14.98,803.21,7.55,0.03,13.82,0,water_treatment
55.28,122.52,56.35,229.43,7.95,2243.9,2.19,35.86,26.46,54.73,538.93,4.63,0.03,21.55,0,water_treatment
28.38,88.5,72.06,234.97,17.52,1431.6,3.81,44.95,38.51,65.25,523.86,8.89,0.03,27.03,0,water_treatment
40.17,92.79,66.07,225.69,19.72,2091.15,3.11,57.1,24.74,49.07,526.1,11.54,0.04,29.3,0,water_treatment
60.82,81.09,71.73,222.67,17.57,2998.14,3.91,50.86,34.67,61.06,686.92,9.82,0.01,20.98,0,water_treatment
61.26,109.3,105.0,229.86,9.63,1895.18,2.66,30.76,27.53,41.7,317.27,13.13,0.02,31.64,0,water_treatment
41.32,131.57,53.29,218.1,16.01,2964.06,2.53,40.81,42.5,68.63,733.82,7.49,0.03,24.0,0,water_treatment
51.97,106.9,124.33,230.24,18.4,2386.11,3.33,46.46,26.36,47.36,445.13,8.84,0.03,40.59,0,water_treatment
44.43,67.15,74.01,220.84,18.06,1659.14,4.08,50.18,33.21,55.91,550.48,12.56,0.03,39.32,0,water_treatment
59.64,149.47,48.41,229.03,23.28,2478.5,3.66,38.7,29.58,59.53,617.74,13.88,0.03,24.4,0,water_treatment
37.87,146.0,98.14,233.17,23.98,2533.62,2.87,35.63,20.03,64.01,341.28,14.46,0.02,25.27,0,water_treatment
57.49,132.97,64.28,231.73,15.89,3082.75,2.73,60.63,50.0,71.25,399.97,11.57,0.03,34.82,0,water_treatment
58.87,90.8,64.23,229.2,20.24,2137.99,2.65,42.22,36.96,47.24,693.47,7.57,0.03,27.29,0,water_treatment
42.58,125.36,74.27,234.12,18.79,1549.48,2.56,49.18,21.9,72.86,687.96,6.91,0.02,21.14,0,water_treatment
46.4,124.88,104.92,224.94,12.81,2355.78,2.21,56.02,36.91,56.99,746.89,8.23,0.03,24.64,0,water_treatment
48.63,34.94,99.1,238.93,19.39,1967.98,2.45,40.71,29.35,56.32,554.74,6.1,0.02,18.45,0,water_treatment
35.24,105.7,75.54,233.73,18.38,2479.01,3.25,46.16,29.27,34.85,499.54,13.91,0.03,20.01,0,water_treatment
44.73,179.34,98.63,232.4,22.31,1796.66,3.02,37.1,9.4,78.25,536.91,8.7,0.01,19.94,0,water_treatment
55.08,88.23,107.5,227.21,14.12,1876.81,2.61,41.53,37.7,67.01,623.42,5.71,0.02,23.51,0,water_treatment
32.78,134.95,108.16,227.73,20.02,2476.33,2.79,49.61,34.42,45.23,607.9,1.0,0.03,36.68,0,water_treatment
34.18,89.22,87.88,223.46,21.6,1930.16,3.92,49.57,19.88,59.0,427.37,14.21,0.03,16.86,0,water_treatment
61.2,116.06,63.88,226.14,13.92,1701.76,2.84,26.48,20.27,45.53,564.61,10.8,0.03,27.39,0,water_treatment
52.8,122.44,61.09,231.79,22.09,2144.24,2.11,36.03,26.66,45.77,492.85,11.71,0.03,31.49,0,water_treatment
53.72,121.56,54.36,216.5,21.77,2173.8,2.29,43.13,30.55,58.02,498.75,12.73,0.03,38.13,0,water_treatment
42.72,58.46,50.82,220.79,17.38,1505.67,2.59,43.53,13.75,58.68,347.4,6.18,0.03,35.84,0,water_treatment
37.63,139.84,107.49,229.68,16.34,2935.81,2.89,40.3,32.64,36.39,514.83,11.17,0.03,25.44,0,water_treatment
58.37,126.85,131.79,234.01,14.81,2145.84,2.94,42.28,31.12,62.98,613.34,9.98,0.02,30.06,0,water_treatment
47.94,113.04,49.12,225.5,19.77,1901.57,4.09,44.41,22.78,73.95,662.75,13.31,0.04,25.89,0,water_treatment
62.59,84.63,80.43,224.88,14.58,2171.84,1.41,46.77,36.58,53.63,729.88,11.52,0.04,24.99,0,water_treatment
34.02,100.6,42.84,224.51,16.95,2079.83,1.7,48.46,42.38,65.33,403.43,13.35,0.03,31.82,0,water_treatment
22.94,148.19,80.61,219.39,17.69,1235.89,2.7,44.91,20.41,51.67,645.57,8.4,0.02,32.39,0,water_treatment
31.7,100.18,95.9,217.36,21.67,2303.94,2.75,54.47,32.06,88.88,731.27,12.42,0.03,33.83,0,water_treatment
66.37,75.04,49.46,221.99,18.67,2704.53,2.04,45.95,29.52,62.65,482.24,9.75,0.02,24.59,0,water_treatment
53.05,95.85,71.12,231.23,16.62,1987.56,2.35,32.28,21.42,68.14,525.96,12.53,0.02,41.54,0,water_treatment
49.57,104.93,101.82,224.76,22.33,2192.62,3.25,47.81,33.88,36.43,446.56,11.0,0.03,25.87,0,water_treatment
45.27,64.65,77.93,243.92,12.5,1545.58,3.47,48.39,29.16,75.56,672.38,9.24,0.01,35.19,0,water_treatment
47.41,91.35,88.24,222.68,21.18,1707.71,3.6,39.64,30.81,25.46,420.59,11.8,0.02,21.57,0,water_treatment
43.04,65.81,85.86,228.23,21.28,1584.7,3.04,42.72,29.35,38.12,506.32,9.94,0.03,35.82,0,water_treatment
54.75,116.81,91.27,227.31,14.66,1921.01,2.04,39.4,18.11,69.92,622.14,14.23,0.02,27.89,0,water_treatment
50.88,79.38,61.4,229.11,18.46,2547.63,2.0,43.53,15.72,90.11,640.06,11.05,0.03,29.96,0,water_treatment
43.68,121.37,104.25,228.9,21.01,3091.76,2.12,48.04,27.23,67.04,583.58,9.02,0.02,16.52,0,water_treatment
51.26,77.93,103.98,226.18,5.88,2086.06,3.11,45.79,29.05,46.0,304.91,15.09,0.03,27.73,0,water_treatment
48.74,120.4,97.5,234.34,14.18,2584.39,3.41,50.5,27.19,72.56,323.69,13.94,0.03,40.08,0,water_treatment
39.93,130.39,65.68,220.3,10.71,2199.02,1.56,54.66,38.25,68.5,394.53,4.05,0.01,36.0,0,water_treatment
56.18,137.38,101.28,225.53,18.8,2497.24,2.87,43.05,20.93,72.58,254.55,10.6,0.04,20.08,0,water_treatment
41.9,86.29,96.59,230.16,21.7,2199.17,2.3,42.27,16.25,63.1,331.65,7.86,0.02,46.83,0,water_treatment
62.4,128.26,82.55,228.06,19.89,1986.9,3.68,44.25,28.59,86.32,620.03,14.13,0.02,28.89,0,water_treatment
55.43,109.79,80.72,225.39,21.3,1711.82,3.4,54.6,32.08,59.69,745.14,8.17,0.01,21.2,0,water_treatment
63.88,81.02,117.79,229.56,18.25,2494.2,2.74,43.83,19.9,31.78,376.72,8.87,0.03,21.92,0,water_treatment
44.1,126.69,104.7,224.64,23.17,2784.58,2.18,65.15,33.31,43.96,661.43,10.16,0.03,25.73,0,water_treatment
53.56,126.91,83.78,237.31,16.46,1781.81,3.08,46.17,15.09,48.97,696.78,8.59,0.0,26.3,0,water_treatment
23.03,118.43,67.12,230.46,16.9,2452.96,3.62,56.79,20.17,46.8,311.04,15.39,0.03,37.36,0,water_treatment
49.18,108.23,87.32,229.63,23.97,1937.79,3.85,65.87,22.74,69.77,737.14,7.68,0.03,18.96,0,water_treatment
29.51,59.62,72.72,230.2,19.29,2043.41,2.89,39.49,25.47,66.44,569.43,18.07,0.03,21.65,0,water_treatment
44.59,116.13,109.55,229.99,14.89,1816.69,2.27,49.33,22.14,54.81,457.77,6.31,0.01,21.35,0,water_treatment
56.05,119.24,75.82,226.38,17.71,1918.64,3.61,46.32,29.36,33.42,479.05,12.44,0.04,16.13,0,water_treatment
36.2,30.0,108.02,228.06,12.35,2054.83,2.47,27.03,33.17,45.45,329.28,11.48,0.04,13.96,0,water_treatment
24.29,109.42,93.24,234.17,17.04,800.0,3.28,47.81,26.13,38.48,309.56,9.03,0.02,21.52,0,water_treatment
53.51,105.79,62.57,223.25,15.42,1387.83,2.41,55.9,12.4,57.52,480.3,10.64,0.01,33.03,0,water_treatment
57.31,138.2,56.33,234.61,15.91,2276.09,1.9,61.07,38.63,51.63,297.28,12.54,0.03,20.29,0,water_treatment
41.12,116.39,93.0,237.04,19.71,2357.72,3.66,49.19,19.77,51.1,621.06,9.84,0.03,22.24,0,water_treatment
69.03,101.85,82.6,222.39,22.08,1586.41,3.55,42.93,38.09,63.78,335.36,8.39,0.02,21.83,0,water_treatment
60.41,156.2,114.55,219.46,12.2,2134.62,3.72,50.7,24.88,67.22,778.25,11.22,0.02,18.44,0,water_treatment
71.21,122.14,83.87,234.39,14.62,2242.67,2.79,58.03,30.74,83.2,535.8,7.37,0.04,14.97,0,water_treatment
46.17,88.98,99.41,235.53,24.08,2379.26,1.66,30.37,25.68,59.57,524.64,6.32,0.02,36.88,0,water_treatment
48.41,108.94,143.29,225.44,19.0,2938.3,1.49,42.82,19.87,60.04,533.66,11.15,0.01,29.58,0,water_treatment
42.95,89.17,58.37,242.61,25.45,2000.59,5.0,41.62,25.98,49.43,472.55,9.43,0.01,37.63,0,water_treatment
49.02,137.24,109.13,228.09,8.37,1792.02,2.31,57.81,15.21,36.76,626.28,12.26,0.02,35.02,0,water_treatment
40.12,119.37,46.85,228.87,13.0,2127.23,3.17,41.12,14.16,88.66,685.59,12.45,0.03,35.63,0,water_treatment
75.41,91.98,81.25,214.07,20.86,2331.12,3.11,49.76,17.63,64.33,686.17,12.71,0.03,26.86,0,water_treatment
63.46,125.46,78.78,237.4,15.96,2519.06,4.55,42.38,27.22,70.42,710.63,7.25,0.03,30.18,0,water_treatment
44.74,78.14,81.42,235.94,13.67,1899.13,0.79,46.98,19.68,72.45,662.79,8.25,0.01,13.17,0,water_treatment
61.82,122.65,129.08,232.47,17.78,2557.07,2.35,42.13,33.78,42.94,792.39,10.18,0.03,34.17,0,water_treatment
30.43,113.83,90.09,232.17,20.0,1823.09,1.63,38.33,30.87,45.17,628.69,10.59,0.04,39.94,0,water_treatment
41.92,104.32,72.74,224.71,22.35,2620.64,2.01,40.22,22.19,66.98,658.72,14.06,0.03,23.97,0,water_treatment
62.88,83.91,99.29,223.85,11.95,1512.59,4.78,46.79,22.12,50.59,436.95,15.01,0.01,25.68,0,water_treatment
37.51,68.67,115.91,220.35,15.32,2067.74,2.28,61.83,28.94,69.53,324.13,10.57,0.02,27.84,0,water_treatment
53.3,122.06,105.68,236.48,13.55,2270.55,3.75,38.14,14.77,19.75,810.45,6.11,0.03,23.53,0,water_treatment
49.18,130.14,92.56,236.48,21.22,1529.93,3.7,53.12,20.53,64.38,507.32,11.76,0.02,17.49,0,water_treatment
37.58,115.35,89.85,219.15,14.41,1690.03,2.8,29.35,35.4,59.29,374.93,12.04,0.04,33.3,0,water_treatment
31.25,114.0,116.06,233.14,13.2,3035.59,3.64,50.29,23.5,37.76,791.19,5.88,0.03,26.55,0,water_treatment
48.78,102.95,61.56,228.75,19.85,1787.04,2.73,40.71,30.93,54.86,521.57,8.85,0.0,16.93,0,water_treatment
51.99,93.31,108.87,230.2,16.42,1795.5,3.07,30.34,24.91,44.62,416.97,5.89,0.03,29.65,0,water_treatment
34.6,116.74,79.2,233.44,19.86,1234.32,1.53,55.25,25.33,67.68,114.43,6.5,0.03,30.51,0,water_treatment
50.19,126.36,88.01,220.12,14.48,2001.39,1.99,56.69,28.36,44.94,381.6,10.37,0.01,30.12,0,water_treatment
68.5,118.0,93.76,226.99,17.25,2209.28,1.97,44.07,23.29,76.21,206.78,13.85,0.03,32.3,0,water_treatment
32.57,134.6,76.42,235.23,21.67,3314.73,3.34,66.82,22.8,81.91,666.53,15.37,0.02,14.97,0,water_treatment
43.41,113.29,87.66,225.83,21.14,1314.55,2.74,54.2,30.46,65.68,460.02,10.07,0.03,35.84,0,water_treatment
28.96,122.53,70.57,230.67,19.42,800.0,3.37,41.04,26.12,47.19,537.08,10.38,0.03,30.28,0,water_treatment
43.59,85.56,108.38,231.81,28.8,2575.03,2.6,41.57,24.11,50.19,626.06,9.06,0.02,15.56,0,water_treatment
56.79,141.77,86.05,226.58,13.2,2063.82,4.45,50.21,46.33,61.65,771.99,11.16,0.03,25.02,0,water_treatment
48.57,121.65,74.03,233.11,20.15,2456.35,2.94,50.92,25.93,31.11,392.23,10.8,0.02,31.69,0,water_treatment
45.32,74.12,81.28,216.9,28.13,2081.2,3.76,53.43,35.72,41.09,558.1,11.77,0.02,21.47,0,water_treatment
51.73,134.0,86.45,233.32,17.43,2394.04,3.15,55.06,32.4,63.57,557.48,13.31,0.04,28.32,0,water_treatment
41.3,157.37,111.41,224.65,15.15,1624.76,4.1,48.84,24.16,45.99,551.3,5.96,0.02,21.45,0,water_treatment
37.33,111.87,126.86,220.39,12.48,2032.19,1.53,43.92,30.99,52.04,693.33,9.02,0.02,24.37,0,water_treatment
76.83,114.28,110.47,231.0,18.05,1884.82,3.23,41.06,31.03,18.62,384.58,11.69,0.04,24.31,0,water_treatment
36.95,155.7,91.54,220.81,20.02,1936.64,3.71,44.91,23.4,52.66,498.2,12.97,0.01,25.16,0,water_treatment
42.28,93.55,73.07,235.58,25.08,2493.95,2.4,36.61,32.41,39.03,630.73,8.72,0.01,33.98,0,water_treatment
58.46,127.23,56.56,230.78,22.93,1745.73,2.64,38.12,34.45,54.25,606.96,16.4,0.04,30.26,0,water_treatment
35.98,103.8,87.49,215.98,17.5,1994.72,1.97,51.33,31.27,68.49,521.59,5.25,0.03,35.37,0,water_treatment
49.78,125.55,78.13,235.46,12.68,2201.6,2.54,53.47,35.27,60.52,534.62,10.09,0.03,23.66,0,water_treatment
50.12,105.58,123.45,224.42,21.01,2140.74,3.02,54.75,20.89,76.65,376.81,14.13,0.03,13.24,0,water_treatment
35.83,106.62,101.45,226.21,17.76,1152.51,3.77,56.19,34.13,51.16,584.7,17.07,0.03,28.7,0,water_treatment
52.45,103.28,102.27,222.87,16.08,2404.78,2.77,36.88,36.44,30.85,637.7,11.83,0.0,15.5,0,water_treatment
48.91,134.05,92.14,224.55,18.35,2360.09,2.56,42.74,34.88,53.59,413.8,14.58,0.02,21.19,0,water_treatment
32.53,94.23,66.72,230.58,15.82,2169.84,0.92,44.87,42.46,70.9,915.2,8.51,0.03,33.6,0,water_treatment
49.06,124.01,87.52,240.2,15.96,2745.47,4.84,43.02,40.7,34.46,641.49,6.93,0.01,42.4,0,water_treatment
41.85,76.73,71.95,231.51,18.14,2049.41,2.36,27.37,25.44,91.48,681.97,13.16,0.03,44.11,0,water_treatment
50.27,118.83,50.87,231.56,16.95,1586.94,3.33,33.05,10.5,52.61,522.07,16.63,0.02,25.91,0,water_treatment
23.16,76.69,75.28,231.21,24.08,2116.13,2.18,42.78,25.96,41.8,1024.0,12.69,0.01,31.17,0,water_treatment
33.77,74.45,91.49,225.23,19.19,2291.31,0.74,45.7,29.24,30.46,628.18,11.72,0.04,19.65,0,water_treatment
64.99,84.35,75.67,231.29,13.88,2466.21,3.62,35.16,19.77,49.59,544.31,14.57,0.03,21.3,0,water_treatment
46.25,67.33,109.97,237.39,15.55,3421.98,2.75,46.46,33.32,54.94,528.81,15.91,0.02,27.11,0,water_treatment
46.58,104.12,98.48,230.49,18.37,2205.72,2.15,37.39,32.01,67.81,416.04,12.52,0.02,21.44,0,water_treatment
29.15,126.47,107.57,224.86,23.8,2244.71,1.38,37.5,25.11,34.12,413.43,12.14,0.03,35.79,0,water_treatment
50.54,85.98,69.31,226.24,17.81,2127.22,1.74,41.02,35.27,43.13,822.61,7.71,0.01,24.47,0,water_treatment
38.31,112.39,137.58,236.81,10.74,2348.47,2.52,42.65,21.28,69.55,580.27,9.84,0.02,21.9,0,water_treatment
38.42,107.94,117.8,231.23,23.11,1809.17,3.6,46.84,27.33,60.31,504.81,5.15,0.03,29.85,0,water_treatment
43.27,100.81,95.81,233.0,19.42,1939.37,4.01,55.33,20.81,55.44,509.09,7.54,0.02,23.59,0,water_treatment
47.84,135.61,120.76,231.58,13.38,1734.27,3.47,49.87,17.92,48.2,413.57,6.6,0.03,21.83,0,water_treatment
41.51,112.7,80.39,214.44,16.52,1497.68,2.79,39.44,29.51,47.6,466.22,10.97,0.02,31.43,0,water_treatment
37.3,116.13,126.01,226.65,17.12,2406.8,3.07,54.22,31.61,44.87,442.57,10.91,0.03,22.08,0,water_treatment
55.42,113.96,94.32,231.01,12.15,1985.58,2.43,43.43,24.03,47.26,607.57,12.98,0.03,10.96,0,water_treatment
54.98,49.56,141.33,234.34,23.24,1594.0,2.58,53.72,31.22,43.36,482.5,16.31,0.01,28.66,0,water_treatment
46.72,49.1,57.46,232.07,18.63,2574.7,3.19,39.01,33.58,47.35,679.68,10.55,0.01,31.55,0,water_treatment
65.85,79.62,90.56,230.22,21.58,1765.16,3.05,37.46,21.28,66.2,211.87,10.4,0.03,17.64,0,water_treatment
61.18,107.11,88.57,221.26,6.45,2969.66,3.66,55.14,27.56,67.03,647.82,16.58,0.02,33.98,0,water_treatment
30.36,67.84,129.98,230.6,23.89,2018.77,3.54,23.57,27.27,72.72,656.42,5.51,0.03,35.52,0,water_treatment
36.29,91.96,95.76,227.14,21.08,2486.17,1.78,49.0,36.5,52.94,491.43,11.59,0.03,20.42,0,water_treatment
54.58,113.13,102.53,239.88,20.21,2379.01,2.78,43.09,33.93,39.92,390.2,12.26,0.01,24.06,0,water_treatment
46.17,124.93,63.02,223.51,10.53,2437.84,1.42,43.03,22.05,81.98,477.42,16.19,0.0,24.74,0,water_treatment
77.29,146.86,96.24,237.45,15.5,2372.59,2.34,40.99,28.81,91.07,326.12,8.04,0.01,20.41,0,water_treatment
60.43,94.28,67.59,229.22,20.5,2290.05,3.41,48.88,19.68,100.0,805.28,10.61,0.02,25.14,0,water_treatment
46.39,88.32,110.9,230.13,16.03,2914.1,2.3,37.47,14.95,49.55,455.19,12.3,0.01,22.76,0,water_treatment
52.54,77.1,93.4,227.23,18.7,1906.68,0.96,26.01,31.05,66.99,606.35,9.83,0.03,26.16,0,water_treatment
53.43,117.03,61.13,218.54,25.5,1840.63,2.61,50.12,31.21,61.6,713.4,8.42,0.02,42.58,0,water_treatment
36.68,152.37,120.5,244.09,13.27,2738.56,3.23,40.75,39.56,47.35,753.49,14.6,0.03,37.16,0,water_treatment
59.29,65.84,64.75,219.16,20.83,1469.84,3.06,43.81,31.68,39.25,819.02,12.63,0.03,15.05,0,water_treatment
46.02,129.68,82.66,236.56,16.18,1492.83,3.06,48.32,31.61,35.97,499.26,7.99,0.02,27.54,0,water_treatment
37.59,69.7,66.14,236.74,13.6,2535.14,2.75,35.68,25.54,43.88,434.27,15.37,0.02,26.31,0,water_treatment
45.54,128.02,79.76,226.6,19.92,2052.67,2.06,51.63,24.42,78.02,716.43,9.1,0.03,41.99,0,water_treatment
43.46,101.53,71.92,222.43,19.49,2397.23,2.61,46.13,33.26,55.68,167.75,13.86,0.02,20.45,0,water_treatment
37.38,97.76,94.64,234.34,14.46,2135.22,1.63,42.89,28.42,82.73,460.52,14.07,0.03,23.78,0,water_treatment
33.95,112.84,78.9,225.91,16.57,1952.68,3.42,46.77,35.45,50.52,608.42,10.81,0.03,33.63,0,water_treatment
69.95,122.39,86.04,242.23,18.62,1784.14,2.63,43.9,36.03,81.74,367.0,11.25,0.03,23.82,0,water_treatment
59.1,96.15,110.27,228.05,21.66,2080.45,2.82,41.88,22.59,43.54,435.44,7.59,0.02,26.24,0,water_treatment
56.95,78.99,95.72,220.12,17.44,3249.41,1.73,59.85,28.59,85.21,247.41,11.77,0.02,26.92,0,water_treatment
49.96,120.16,110.87,232.03,22.44,2233.36,3.88,50.63,22.97,53.15,637.92,9.74,0.02,36.42,0,water_treatment
42.47,98.03,72.48,239.55,15.75,2633.11,2.94,41.48,14.89,46.49,559.65,11.05,0.03,8.57,0,water_treatment
44.09,141.17,69.08,224.62,20.3,1700.64,2.95,43.39,27.01,53.69,773.34,10.27,0.03,44.23,0,water_treatment
43.03,99.83,63.87,230.14,17.26,2575.32,1.95,54.35,13.83,53.24,442.92,8.41,0.02,26.7,0,water_treatment
44.37,100.93,89.3,233.23,13.64,2325.62,2.55,55.75,23.19,22.38,641.32,12.93,0.02,48.24,0,water_treatment
55.78,99.79,93.47,234.96,11.21,3366.07,2.94,33.36,17.77,39.13,648.23,9.98,0.03,20.83,0,water_treatment
67.43,61.46,108.22,226.96,17.69,2090.46,3.89,45.6,30.14,26.36,367.94,8.2,0.01,9.22,0,water_treatment
43.72,115.06,95.04,229.09,20.87,2090.0,1.42,43.47,25.77,50.82,313.41,16.27,0.02,21.27,0,water_treatment
52.83,98.16,105.91,225.54,20.02,1605.65,2.78,63.64,42.28,47.44,913.88,4.73,0.02,16.62,0,water_treatment
38.71,79.87,57.14,223.76,21.83,2309.03,4.19,46.46,20.25,94.73,696.03,10.27,0.04,21.13,0,water_treatment
46.52,117.83,52.77,224.88,12.06,2782.51,2.87,30.29,24.84,47.81,433.4,10.15,0.0,24.03,0,water_treatment
58.48,78.04,98.52,234.43,18.68,2092.77,4.0,32.96,29.27,43.69,466.72,10.43,0.04,33.77,0,water_treatment
61.96,128.7,71.69,225.48,14.49,2532.82,2.67,32.1,31.59,59.23,534.02,13.84,0.02,35.71,0,water_treatment
63.3,110.93,82.86,236.63,18.97,2545.17,1.42,38.38,25.23,66.21,552.22,17.98,0.01,22.22,0,water_treatment
42.84,132.81,74.36,235.22,17.38,2335.39,5.0,30.45,37.76,71.84,645.93,12.18,0.03,16.08,0,water_treatment
60.82,115.34,130.15,237.59,18.86,2245.57,3.32,55.35,36.51,37.21,516.26,5.75,0.02,19.26,0,water_treatment
47.03,104.69,86.18,239.19,20.2,1882.43,1.97,42.88,19.73,42.07,333.07,11.99,0.03,18.14,0,water_treatment
64.17,108.23,59.98,232.17,14.24,2250.17,2.92,47.77,22.85,55.12,695.85,13.64,0.03,32.38,0,water_treatment
35.16,130.12,69.75,220.7,16.02,2756.54,2.4,36.52,36.68,34.35,313.81,12.33,0.03,29.82,0,water_treatment
45.67,96.21,71.47,232.78,18.07,2194.01,1.96,53.58,43.86,64.26,705.02,9.29,0.02,22.56,0,water_treatment
55.54,104.59,98.61,229.66,19.59,2546.01,2.32,47.68,24.09,25.1,483.53,15.55,0.03,28.46,0,water_treatment
39.19,132.45,76.83,220.69,12.96,2319.56,3.95,27.46,30.43,10.56,338.95,14.77,0.02,23.54,0,water_treatment
64.35,86.89,134.81,231.13,17.67,2229.16,1.28,38.22,26.16,29.57,460.98,10.68,0.02,31.95,0,water_treatment
43.91,84.64,80.84,227.78,18.91,2544.35,3.42,35.82,28.15,66.13,663.71,5.96,0.02,31.08,0,water_treatment
63.26,109.02,120.34,235.51,21.58,1636.87,3.0,56.17,22.66,47.29,427.34,7.79,0.02,30.86,0,water_treatment
54.88,118.11,115.81,230.91,28.32,2358.22,4.08,49.95,31.35,57.32,280.01,12.46,0.01,26.23,0,water_treatment
61.8,98.15,112.53,227.95,19.87,1635.85,2.15,39.45,20.71,30.47,557.5,9.74,0.04,34.5,0,water_treatment
51.62,71.28,61.74,224.31,18.89,2003.87,3.54,63.73,34.03,52.42,360.44,15.19,0.02,32.35,0,water_treatment
42.29,113.93,74.91,225.93,23.37,1734.83,2.38,49.9,38.29,70.95,562.86,15.6,0.03,16.43,0,water_treatment
29.04,83.33,120.36,233.29,17.24,2352.68,2.77,54.14,26.07,54.17,694.94,10.2,0.03,25.9,0,water_treatment
48.43,115.21,128.55,243.45,17.5,1890.06,1.87,48.43,32.03,63.64,653.97,9.38,0.03,22.05,0,water_treatment
66.81,94.86,92.7,232.01,14.64,2690.47,3.01,42.84,37.18,42.21,406.14,12.38,0.02,28.22,0,water_treatment
58.75,85.65,86.96,228.3,15.11,2510.36,3.58,55.28,42.43,47.65,631.19,14.62,0.02,23.03,0,water_treatment
44.25,161.5,116.83,230.93,8.34,2953.21,3.35,57.04,40.94,26.79,873.72,11.32,0.01,40.96,0,water_treatment
44.26,87.17,122.06,222.97,16.47,2060.85,3.45,64.66,41.23,57.3,651.91,10.84,0.04,16.73,0,water_treatment
48.04,92.11,69.95,226.16,18.52,1900.34,2.6,44.72,27.9,59.47,783.65,8.48,0.04,27.76,0,water_treatment
37.35,130.95,107.61,219.36,22.22,1742.6,3.4,59.92,9.95,28.68,660.57,14.87,0.03,24.95,0,water_treatment
42.35,100.76,87.25,231.35,11.58,2173.73,2.71,54.07,20.51,53.78,756.61,11.33,0.01,29.16,0,water_treatment
44.94,115.1,93.23,229.45,16.5,2396.49,2.75,35.14,36.54,53.89,532.75,12.37,0.03,23.51,0,water_treatment
71.91,116.03,87.85,221.24,15.2,1363.78,2.35,58.04,28.25,59.35,253.41,14.23,0.03,26.33,0,water_treatment
46.84,109.08,79.11,233.57,11.0,2134.82,2.99,43.48,34.36,57.44,757.25,11.49,0.02,25.23,0,water_treatment
34.99,50.59,98.0,230.36,11.95,1949.53,3.77,47.79,24.7,52.76,505.49,12.71,0.02,22.87,0,water_treatment
59.91,82.55,128.16,231.36,28.25,2712.48,3.76,36.46,30.28,46.69,541.28,10.77,0.03,32.15,0,water_treatment
63.33,120.54,69.21,228.65,19.14,2258.44,1.36,48.43,25.55,57.52,345.45,13.79,0.04,37.64,0,water_treatment
47.04,67.2,79.9,225.62,18.41,2406.88,2.67,41.22,28.14,69.66,734.88,11.78,0.02,15.88,0,water_treatment
50.32,89.36,81.49,239.77,13.27,1862.97,2.62,42.92,37.29,70.53,737.97,7.13,0.03,37.29,0,water_treatment
15.0,115.65,112.38,234.19,14.89,2564.59,1.43,41.3,23.79,67.36,518.8,13.86,0.04,32.23,0,water_treatment
63.75,95.88,95.48,224.04,15.13,3087.99,2.54,62.19,26.66,53.47,562.91,7.93,0.03,21.61,0,water_treatment
37.7,85.92,55.41,217.9,12.43,1287.17,3.21,46.21,12.68,50.59,372.69,13.65,0.03,26.22,0,water_treatment
62.6,70.25,88.66,238.81,12.25,1550.97,2.93,52.1,35.44,59.83,158.51,2.6,0.03,19.7,0,water_treatment
60.25,126.82,53.01,232.56,26.69,2418.28,2.89,64.64,11.47,40.37,497.88,13.6,0.04,26.09,0,water_treatment
46.8,94.7,71.71,219.65,15.65,2663.78,3.35,45.55,24.84,45.98,574.87,11.6,0.02,29.02,0,water_treatment
39.54,79.91,89.19,217.32,25.25,2236.0,3.38,61.62,34.78,70.5,782.84,7.41,0.03,29.3,0,water_treatment
31.19,122.12,93.86,235.23,19.74,2513.41,2.59,54.66,28.79,53.07,769.13,13.17,0.03,28.7,0,water_treatment
44.25,84.35,71.65,228.89,16.81,2149.42,1.81,35.13,36.76,73.19,648.41,13.45,0.02,22.47,0,water_treatment
33.07,102.54,91.55,230.98,18.08,2314.66,3.19,20.0,32.57,19.75,372.86,10.36,0.02,14.66,0,water_treatment
55.45,128.01,89.36,233.03,9.8,2254.34,2.72,37.59,32.14,68.42,733.02,15.59,0.01,20.17,0,water_treatment
56.63,114.54,103.39,220.96,11.83,2381.38,1.95,50.22,24.17,54.04,461.35,8.48,0.03,31.24,0,water_treatment
29.06,108.42,79.76,226.46,16.55,1961.77,2.98,48.8,31.21,53.54,611.61,13.71,0.01,36.07,0,water_treatment
49.98,161.85,98.41,229.71,15.05,2685.07,2.69,43.36,28.45,36.47,571.7,9.33,0.02,32.54,0,water_treatment
45.03,75.23,73.79,235.47,19.77,2379.82,2.82,40.34,14.38,61.47,489.98,6.87,0.03,31.47,0,water_treatment
54.62,113.03,69.53,229.11,23.08,2664.01,3.34,28.61,22.33,40.7,737.1,7.06,0.04,36.99,0,water_treatment
44.47,135.44,81.51,234.72,22.01,1812.1,2.37,42.66,25.23,85.51,366.2,10.94,0.03,39.16,0,water_treatment
72.22,84.4,122.75,222.73,20.07,2249.7,2.32,58.77,24.34,33.06,653.45,9.27,0.02,28.54,0,water_treatment
35.8,99.73,109.6,228.72,16.65,1888.61,1.68,30.75,28.81,38.2,547.93,8.67,0.0,23.55,0,water_treatment
47.82,93.74,99.76,237.92,16.92,2656.1,2.44,34.68,26.68,74.81,434.15,11.75,0.04,20.66,0,water_treatment
37.68,100.31,95.78,228.47,14.71,1465.96,2.84,39.25,34.63,57.76,826.22,11.4,0.02,16.45,0,water_treatment
41.24,164.2,101.62,231.25,14.79,1875.55,2.81,38.22,22.71,56.9,524.5,12.44,0.02,25.33,0,water_treatment
33.12,95.46,83.63,233.44,16.3,1659.69,2.46,44.19,37.08,27.39,527.6,8.07,0.03,7.83,0,water_treatment
26.36,106.72,126.94,229.53,15.72,1839.13,3.98,38.4,32.94,57.41,743.04,11.93,0.02,31.07,0,water_treatment
40.65,102.48,103.89,234.41,16.21,2271.61,1.95,41.45,10.64,73.99,517.35,8.11,0.03,25.55,0,water_treatment
51.87,136.68,89.46,235.95,19.2,2202.08,3.06,51.89,20.61,35.6,447.49,5.68,0.02,34.25,0,water_treatment
59.32,115.23,96.86,241.39,14.04,2458.73,2.7,40.05,17.23,58.0,412.83,2.85,0.02,28.57,0,water_treatment
55.25,125.61,115.41,227.64,21.31,2491.85,2.33,45.9,37.35,54.18,443.58,6.23,0.02,24.47,0,water_treatment
46.18,112.93,97.27,239.83,22.64,2719.47,3.24,57.58,38.4,46.23,651.77,8.17,0.02,34.5,0,water_treatment
53.37,132.95,65.18,218.44,18.31,2238.02,2.78,45.43,30.12,77.19,441.23,13.16,0.04,32.28,0,water_treatment
39.33,120.91,103.61,231.7,20.52,2184.04,3.68,58.26,19.76,60.84,909.54,3.42,0.04,27.33,0,water_treatment
51.44,128.33,113.34,235.14,19.4,2171.32,1.46,54.37,29.18,56.98,548.32,14.67,0.02,14.81,0,water_treatment
35.12,89.72,105.54,229.94,16.94,2650.54,2.53,49.45,30.37,49.44,311.17,3.96,0.03,19.41,0,water_treatment
35.63,138.82,82.3,227.28,20.64,1948.97,2.24,40.84,44.18,45.47,748.21,16.18,0.03,30.26,0,water_treatment
48.26,91.18,122.55,235.97,15.15,2034.66,2.78,49.01,23.71,68.54,630.61,10.51,0.02,21.9,0,water_treatment
35.35,142.08,101.04,237.19,12.2,2651.72,3.22,45.82,28.32,60.32,679.73,14.14,0.02,21.66,0,water_treatment
59.11,70.7,81.41,213.33,22.42,1642.13,3.47,62.94,35.08,75.63,356.65,9.14,0.03,29.61,0,water_treatment
38.32,136.23,124.11,225.38,16.45,2440.5,3.03,30.76,32.93,40.43,373.26,11.49,0.01,33.46,0,water_treatment
50.65,104.9,103.17,237.21,11.99,2337.35,2.32,32.6,24.76,37.13,251.19,13.66,0.02,18.75,0,water_treatment
28.73,107.94,84.3,236.45,16.93,2148.2,3.46,52.1,25.21,73.91,722.76,16.8,0.02,23.51,0,water_treatment
64.77,123.76,85.07,225.73,13.94,2079.57,2.94,29.44,17.55,75.78,387.22,10.36,0.02,30.58,0,water_treatment
46.56,67.83,79.49,221.23,19.17,2056.55,3.14,37.52,24.32,82.91,411.73,13.64,0.03,28.02,0,water_treatment
42.58,127.85,95.06,232.56,21.94,3219.24,4.13,32.31,29.25,62.78,343.72,7.75,0.04,30.85,0,water_treatment
26.17,108.55,92.18,232.32,17.58,1834.37,3.32,51.15,29.59,66.58,625.87,10.95,0.03,22.64,0,water_treatment
52.99,104.25,97.15,229.67,20.78,2113.07,1.49,50.88,36.85,78.63,262.92,12.53,0.03,34.12,0,water_treatment
53.65,90.85,86.42,218.42,14.19,1522.61,1.86,51.56,28.34,59.85,716.78,6.68,0.03,49.22,0,water_treatment
41.62,91.31,106.02,233.99,18.73,854.84,2.03,42.89,29.51,48.86,202.73,9.11,0.02,21.94,0,water_treatment
34.38,172.67,38.13,225.81,18.87,2502.15,3.47,46.82,32.43,50.4,283.23,6.18,0.03,26.05,0,water_treatment
40.45,148.17,125.08,233.4,13.06,2148.77,2.83,40.48,38.9,38.14,366.6,12.16,0.02,26.66,0,water_treatment
53.28,102.27,100.72,241.79,17.45,2095.97,2.14,47.51,16.84,57.82,496.9,9.87,0.03,22.96,0,water_treatment
46.18,122.58,111.73,225.98,12.53,3040.48,3.75,51.83,29.29,54.51,439.71,12.01,0.04,38.5,0,water_treatment
29.24,115.82,81.88,229.07,21.03,2447.21,3.95,44.41,34.12,50.13,440.95,7.6,0.03,30.74,0,water_treatment
53.55,76.83,82.87,225.66,12.46,2538.88,2.15,32.26,28.83,66.28,481.23,10.7,0.04,23.29,0,water_treatment
32.56,83.38,80.09,229.03,23.93,2622.85,1.85,29.54,23.2,39.87,543.85,7.72,0.04,29.71,0,water_treatment
51.47,90.55,77.77,218.84,17.09,2033.71,1.45,36.93,22.29,82.67,477.73,10.84,0.01,23.81,0,water_treatment
45.01,90.71,59.49,229.89,13.54,2944.15,3.55,50.39,34.11,38.77,611.39,7.5,0.02,18.16,0,water_treatment
63.2,86.01,101.78,239.88,22.55,2459.51,3.22,45.64,18.76,37.95,430.83,17.14,0.03,14.16,0,water_treatment
43.83,123.6,124.39,219.38,11.27,2103.91,2.58,42.33,28.97,69.14,202.72,7.89,0.01,25.22,0,water_treatment
38.94,136.45,99.81,232.12,17.21,2907.68,2.87,40.17,29.95,42.53,727.76,14.19,0.02,29.24,0,water_treatment
47.36,109.8,96.41,225.26,16.92,2403.31,5.0,45.89,18.04,76.13,783.45,10.83,0.03,5.0,0,water_treatment
52.31,61.54,83.04,232.35,18.08,2305.24,1.64,61.04,36.3,45.03,456.65,4.27,0.03,37.87,0,water_treatment
47.42,87.05,95.05,234.58,17.68,1549.06,3.34,55.27,32.56,63.51,305.26,8.81,0.02,24.1,0,water_treatment
49.95,76.42,65.87,229.61,13.62,2009.29,2.28,39.54,34.41,52.24,579.68,10.82,0.03,28.62,0,water_treatment
46.04,77.7,82.41,228.99,24.95,2714.5,2.82,38.57,29.28,49.01,499.31,15.06,0.03,25.81,0,water_treatment
30.85,88.44,109.59,233.28,24.07,1918.07,3.21,42.72,24.39,63.92,747.91,7.94,0.01,38.97,0,water_treatment
65.51,40.68,119.96,233.02,20.61,2596.04,2.96,44.02,28.8,82.86,637.17,8.92,0.03,29.39,0,water_treatment
32.27,101.97,65.17,229.11,21.63,2053.17,1.76,45.51,47.13,72.09,488.21,14.65,0.02,28.0,0,water_treatment
32.13,104.37,75.19,230.97,14.84,2626.54,2.14,42.08,25.4,65.88,476.74,7.71,0.03,12.46,0,water_treatment
54.03,58.97,116.07,242.31,22.37,2488.18,2.79,29.1,30.85,51.1,714.72,15.91,0.02,22.26,0,water_treatment
44.14,139.88,122.02,237.8,12.36,2696.21,2.56,53.85,21.13,43.9,208.45,11.7,0.03,20.28,0,water_treatment
45.93,128.66,111.43,235.8,12.35,2543.82,1.36,56.76,32.96,54.82,295.13,10.84,0.03,28.92,0,water_treatment
43.25,88.3,30.0,236.07,16.56,3000.55,2.81,41.83,24.53,53.09,428.97,10.06,0.02,21.33,0,water_treatment
40.98,102.24,128.72,229.71,8.16,2411.09,1.78,49.33,31.7,74.55,392.46,8.72,0.04,29.85,0,water_treatment
48.63,103.93,85.31,232.94,15.16,2287.2,3.79,53.63,38.32,45.95,799.55,8.1,0.01,32.57,0,water_treatment
53.41,148.4,92.73,232.42,13.96,2527.09,2.75,41.36,20.02,66.84,568.31,12.32,0.02,25.03,0,water_treatment
40.35,156.35,75.87,225.82,21.16,2113.19,3.0,44.53,14.43,62.05,315.16,11.5,0.03,27.54,0,water_treatment
48.5,87.71,106.88,232.01,24.67,2269.77,1.41,53.98,29.02,34.88,532.61,12.28,0.02,26.32,0,water_treatment
53.56,106.81,30.0,219.71,14.75,2209.37,1.24,54.37,17.64,72.87,545.54,14.29,0.02,22.54,0,water_treatment
40.97,65.05,72.96,237.88,19.08,1520.55,3.08,47.94,32.27,58.16,410.55,16.92,0.02,8.19,0,water_treatment
49.71,123.12,70.38,234.4,23.04,2310.55,2.42,41.22,34.63,66.08,581.46,8.98,0.01,31.9,0,water_treatment
34.74,121.82,96.52,225.76,19.62,2384.85,2.63,58.33,30.29,61.97,587.76,8.86,0.02,14.81,0,water_treatment
65.06,91.66,106.05,220.65,20.57,2494.85,2.06,47.75,23.13,45.83,742.57,11.48,0.03,24.91,0,water_treatment
47.07,118.69,76.46,232.76,25.64,1788.47,2.73,27.94,19.64,78.52,538.91,13.24,0.02,35.55,0,water_treatment
58.34,143.43,84.54,226.54,17.6,2396.89,2.96,50.45,29.96,64.01,412.64,3.26,0.01,30.87,0,water_treatment
46.59,124.53,82.59,245.03,13.04,2548.31,2.79,38.71,23.97,48.27,417.12,12.17,0.03,29.12,0,water_treatment
43.08,128.53,97.95,235.65,17.62,1109.9,2.82,44.68,30.14,39.74,583.25,6.36,0.03,25.66,0,water_treatment
33.9,74.11,91.8,235.67,15.58,2997.39,2.6,42.01,30.46,39.87,709.07,7.72,0.04,38.24,0,water_treatment
28.95,117.51,96.26,231.92,12.49,2103.74,2.52,32.55,24.66,38.25,573.81,6.83,0.02,18.96,0,water_treatment
52.93,85.61,116.29,221.43,19.04,2837.61,2.8,30.31,20.8,34.49,604.92,12.71,0.03,29.71,0,water_treatment
36.41,59.49,90.94,228.0,16.7,2487.37,2.43,36.84,32.59,54.91,585.92,11.23,0.04,19.81,0,water_treatment
31.69,83.22,100.36,237.04,19.01,2639.83,2.12,45.25,29.96,69.03,463.85,8.51,0.02,35.35,0,water_treatment
29.22,102.0,86.36,218.34,13.03,1870.58,2.77,51.26,22.26,63.25,517.91,12.9,0.03,25.75,0,water_treatment
51.0,171.63,110.17,240.11,19.46,2416.5,3.68,35.63,25.06,40.7,469.4,7.34,0.03,24.94,0,water_treatment
52.95,88.93,98.95,239.28,16.6,1598.55,1.7,36.03,29.06,80.42,520.65,7.21,0.02,27.57,0,water_treatment
59.33,107.95,94.38,233.37,16.45,2431.06,3.2,51.78,30.44,86.4,594.83,13.61,0.02,37.76,0,water_treatment
68.17,110.72,96.42,232.81,18.46,1752.4,2.31,40.09,34.97,32.92,759.96,10.82,0.03,34.92,0,water_treatment
45.79,131.76,90.96,233.7,19.34,2562.9,2.12,62.84,31.41,48.64,733.96,20.0,0.04,24.94,0,water_treatment
42.93,112.88,93.16,227.29,27.43,1490.99,2.11,47.68,17.36,65.62,302.6,11.02,0.03,25.97,0,water_treatment
51.96,83.55,95.01,225.04,18.87,2146.71,2.84,34.33,12.26,62.6,478.08,10.54,0.02,22.23,0,water_treatment
45.47,132.58,103.75,219.76,17.63,1955.91,3.65,50.31,41.69,55.04,497.38,15.21,0.03,30.26,0,water_treatment
27.85,121.93,82.96,228.52,13.22,2043.68,2.44,48.39,20.12,44.98,412.06,9.16,0.03,19.63,0,water_treatment
34.07,116.7,113.06,226.55,15.47,2215.18,1.66,41.75,39.67,47.92,467.32,14.33,0.02,26.69,0,water_treatment
43.87,84.67,67.19,223.24,21.76,1831.44,2.99,43.87,20.3,56.56,539.77,15.2,0.01,23.9,0,water_treatment
39.16,100.34,66.53,222.39,7.74,2493.39,2.71,52.5,21.04,47.2,301.9,8.55,0.03,39.52,0,water_treatment
40.0,121.86,83.13,231.93,13.1,2029.38,3.14,43.43,38.85,42.86,519.51,10.5,0.02,22.85,0,water_treatment
44.34,99.23,83.71,229.92,16.56,2182.09,2.28,53.87,22.79,59.34,375.13,10.87,0.03,37.52,0,water_treatment
57.5,73.26,131.94,233.64,12.83,2092.77,2.82,39.76,31.38,16.49,771.96,6.98,0.01,23.36,0,water_treatment
25.72,113.46,87.98,217.9,11.63,3228.38,2.07,39.15,14.98,34.68,736.76,7.16,0.02,20.94,0,water_treatment
44.94,110.84,88.96,231.91,28.3,2217.06,1.66,52.1,31.53,12.15,748.91,11.66,0.02,37.45,0,water_treatment
38.78,114.97,125.86,225.61,19.7,1349.87,3.05,49.78,17.46,55.89,829.33,4.58,0.03,38.49,0,water_treatment
43.66,118.79,84.39,227.54,20.44,2295.19,3.3,59.61,19.42,16.49,307.87,10.49,0.03,29.47,0,water_treatment
45.71,71.89,112.37,230.6,19.54,1774.76,1.72,50.53,22.01,59.45,480.07,11.87,0.03,28.19,0,water_treatment
35.09,137.25,88.72,240.73,21.52,2674.91,3.23,56.02,31.03,41.08,576.49,9.99,0.02,26.6,0,water_treatment
47.38,90.17,77.94,230.77,16.64,2250.86,3.52,55.61,21.36,91.08,700.13,14.75,0.01,27.25,0,water_treatment
41.11,104.1,62.45,226.36,15.64,2175.73,2.12,38.39,38.0,69.51,383.36,12.9,0.02,19.16,0,water_treatment
40.1,94.82,59.07,228.08,19.93,1723.55,1.78,38.79,16.29,26.1,157.08,8.69,0.03,35.71,0,water_treatment
32.65,145.71,64.68,222.55,16.81,2535.58,2.73,46.1,29.45,53.64,493.35,6.2,0.03,31.01,0,water_treatment
56.69,162.74,85.64,218.84,13.94,1305.81,3.37,41.71,24.06,43.52,386.8,5.17,0.02,39.34,0,water_treatment
36.95,144.62,105.57,234.75,14.96,2359.57,2.9,36.92,25.7,45.28,558.08,9.83,0.03,33.38,0,water_treatment
52.7,138.5,67.47,219.99,28.92,2629.59,2.79,35.9,31.17,45.84,473.86,11.43,0.03,32.21,0,water_treatment
40.18,149.84,97.67,230.11,11.47,2953.44,3.42,62.4,28.37,59.2,349.47,10.02,0.01,48.38,0,water_treatment
37.2,96.26,91.72,218.12,14.57,2799.71,2.74,50.37,42.65,67.7,741.25,8.74,0.02,33.74,0,water_treatment
49.77,115.8,90.83,221.05,16.95,2921.6,3.41,42.2,14.73,54.5,699.89,4.9,0.02,28.68,0,water_treatment
49.72,78.68,114.53,228.24,15.3,2200.47,4.98,47.76,18.79,65.22,656.46,9.18,0.01,28.51,0,water_treatment
46.23,98.36,85.54,240.9,20.43,2951.34,3.4,51.46,32.68,76.34,906.97,14.2,0.02,19.17,0,water_treatment
63.11,98.82,72.1,229.79,17.14,2245.26,4.16,43.48,39.86,58.22,551.24,13.49,0.01,27.9,0,water_treatment
52.15,83.55,120.52,220.12,22.58,1652.64,1.94,56.15,38.72,10.0,457.09,14.61,0.03,36.31,0,water_treatment
66.75,125.57,101.96,227.66,17.54,1773.6,3.85,48.6,35.49,56.45,514.39,11.22,0.02,26.11,0,water_treatment
63.31,98.3,72.02,236.17,20.89,2595.44,3.08,45.49,18.54,58.71,459.76,11.84,0.03,23.06,0,water_treatment
49.56,117.68,107.66,217.97,21.85,2002.02,2.48,53.35,22.91,53.05,515.55,13.82,0.03,38.02,0,water_treatment
50.34,123.27,90.62,226.79,7.28,2581.76,2.83,40.8,25.56,88.04,464.85,11.17,0.02,35.9,0,water_treatment
42.16,104.48,83.85,239.89,15.99,2045.79,2.44,42.67,8.22,60.44,563.5,13.87,0.03,16.76,0,water_treatment
28.19,95.26,94.89,236.53,19.86,2205.75,4.45,29.37,19.3,60.33,396.16,8.49,0.02,18.03,0,water_treatment
47.15,96.34,77.89,234.04,17.54,1448.29,3.04,49.28,43.05,70.91,508.46,15.45,0.03,34.19,0,water_treatment
49.06,97.42,79.58,228.71,11.97,2869.82,2.15,41.47,25.13,48.85,715.24,19.29,0.02,29.19,0,water_treatment
43.55,85.39,90.29,229.51,10.9,2349.08,3.03,43.44,18.13,65.86,459.38,11.18,0.02,30.83,0,water_treatment
49.78,124.1,124.91,234.81,7.94,2080.13,1.63,46.57,25.45,34.17,383.06,6.76,0.04,18.44,0,water_treatment
49.03,133.01,70.2,240.48,17.13,2107.27,1.6,51.51,38.13,48.73,431.96,6.78,0.05,30.64,0,water_treatment
42.81,109.17,89.0,245.9,11.77,1797.16,2.51,61.42,30.34,65.67,817.79,6.27,0.03,36.75,0,water_treatment
37.58,105.27,115.72,235.03,24.63,1905.06,1.57,36.8,25.01,53.89,643.48,6.32,0.02,30.13,0,water_treatment
57.93,132.11,90.63,235.24,14.84,1957.54,2.1,37.47,28.18,76.92,492.26,10.15,0.01,13.0,0,water_treatment
52.15,139.54,100.85,241.31,19.48,1689.89,3.05,40.27,43.62,65.16,425.55,12.97,0.01,37.35,0,water_treatment
60.07,126.6,87.26,230.43,14.74,2878.27,1.32,45.53,36.26,50.5,430.92,9.66,0.01,20.56,0,water_treatment
56.77,101.31,64.33,241.09,16.86,2592.21,3.5,42.97,25.23,33.76,729.49,13.93,0.03,16.24,0,water_treatment
47.38,106.51,112.04,228.57,17.56,2793.53,2.42,37.87,37.45,54.3,475.79,15.24,0.03,29.85,0,water_treatment
40.57,79.31,49.41,231.38,17.77,1905.25,2.95,49.19,27.09,78.89,571.31,9.84,0.03,19.11,0,water_treatment
61.8,145.5,64.93,235.65,18.3,1946.84,1.62,24.19,25.81,50.85,494.71,16.34,0.03,29.23,0,water_treatment
35.11,95.34,113.94,224.48,16.96,2240.52,2.45,50.92,23.25,43.57,554.44,11.12,0.01,29.95,0,water_treatment
47.57,98.22,110.5,222.24,20.01,2641.97,0.93,31.93,23.66,74.95,565.36,4.46,0.02,33.78,0,water_treatment
56.11,102.41,82.52,232.82,18.74,2521.81,2.6,44.17,25.76,56.61,266.37,5.74,0.03,20.89,0,water_treatment
37.03,136.92,42.8,221.63,20.25,1676.96,1.93,42.38,32.86,55.66,652.13,12.45,0.02,29.59,0,water_treatment
45.11,110.09,76.27,244.55,16.12,2495.85,1.98,47.6,22.76,57.44,678.92,12.59,0.02,38.55,0,water_treatment
34.06,111.25,110.54,236.74,15.63,2934.2,3.05,47.4,31.47,27.33,441.07,9.94,0.03,23.66,0,water_treatment
45.45,152.19,55.17,223.24,18.39,2462.77,2.44,53.51,20.61,47.67,429.45,6.03,0.03,23.63,0,water_treatment
33.44,84.38,101.31,232.29,15.11,1924.7,2.9,39.66,28.5,34.12,678.09,14.98,0.01,19.12,0,water_treatment
52.18,118.81,92.76,226.35,18.48,1428.11,2.48,48.83,25.34,60.66,221.55,4.55,0.01,28.65,0,water_treatment
39.2,138.42,100.04,224.01,20.44,3084.43,1.53,63.13,24.84,89.89,735.52,9.11,0.03,22.68,0,water_treatment
30.65,86.84,53.62,229.57,20.19,2383.98,3.66,36.99,17.43,29.85,638.5,12.01,0.02,26.3,0,water_treatment
40.99,136.93,89.06,239.86,17.46,2099.74,4.12,56.0,32.82,51.24,260.83,10.56,0.03,21.58,0,water_treatment
50.83,84.02,61.7,228.86,22.28,2220.16,2.7,48.1,28.41,63.29,868.13,5.92,0.02,14.21,0,water_treatment
49.26,106.29,110.08,227.67,11.91,2681.02,2.61,37.99,30.02,73.43,622.17,8.04,0.03,19.33,0,water_treatment
48.19,166.27,74.5,238.33,20.73,2492.46,2.45,64.73,27.96,78.86,550.16,8.96,0.04,20.83,0,water_treatment
59.53,85.38,99.2,233.21,17.22,2029.46,3.41,51.89,24.6,51.13,661.7,14.66,0.01,32.5,0,water_treatment
52.03,63.29,125.07,238.06,20.67,2598.12,2.42,45.52,35.05,50.93,654.01,15.39,0.02,28.58,0,water_treatment
43.17,83.19,108.53,222.15,12.01,2342.8,3.07,43.67,19.95,63.44,473.26,11.4,0.02,26.79,0,water_treatment
44.52,87.85,92.83,227.1,17.99,2228.92,2.7,39.26,32.58,56.59,623.7,13.26,0.01,21.43,0,water_treatment
43.1,126.48,76.55,230.62,26.3,2359.29,2.83,56.74,30.14,64.9,570.99,10.3,0.03,15.45,0,water_treatment
55.62,128.98,91.9,224.11,16.15,2351.18,3.11,47.21,21.05,59.64,445.13,8.29,0.01,41.35,0,water_treatment
45.99,95.09,118.18,233.49,22.82,1610.15,2.67,40.65,23.92,30.35,480.32,5.82,0.04,16.84,0,water_treatment
40.45,104.59,120.79,226.59,19.74,2415.26,1.27,37.72,41.03,45.2,379.2,9.86,0.03,24.15,0,water_treatment
45.75,103.91,107.93,233.98,15.54,2627.45,2.13,31.61,16.22,46.15,415.04,7.61,0.03,24.11,0,water_treatment
36.39,116.79,90.85,241.08,24.85,2549.05,1.94,53.88,36.14,39.84,660.52,8.96,0.01,25.17,0,water_treatment
60.51,70.9,94.49,230.64,22.96,2495.51,3.3,64.92,28.64,34.13,670.13,11.35,0.03,14.51,0,water_treatment
49.86,103.2,114.27,233.77,19.11,1509.87,2.09,61.44,39.09,67.38,689.76,15.19,0.02,31.25,0,water_treatment
56.47,84.46,94.37,228.49,9.97,2360.29,2.42,27.16,29.72,88.86,824.65,10.71,0.03,27.14,0,water_treatment
43.98,118.07,68.12,214.55,19.07,2769.36,3.09,52.96,12.26,76.27,513.57,11.5,0.02,24.39,0,water_treatment
46.89,115.49,97.19,230.69,19.4,2235.14,0.97,37.14,30.16,65.37,780.86,11.71,0.03,34.85,0,water_treatment
42.36,130.25,87.07,242.68,20.14,2570.08,1.24,48.91,27.61,56.14,205.92,12.58,0.03,21.53,0,water_treatment
26.39,130.47,78.75,237.85,9.11,1577.52,2.03,40.68,36.95,62.76,582.43,9.9,0.03,24.99,0,water_treatment
44.27,81.52,66.3,246.09,15.06,1935.26,3.56,43.18,22.9,63.96,543.52,9.34,0.03,17.95,0,water_treatment
59.12,80.35,117.82,233.22,21.99,2124.64,3.6,31.72,23.22,57.48,773.06,6.18,0.03,31.17,0,water_treatment
24.51,111.83,111.73,224.73,15.51,1843.38,3.52,55.86,31.57,59.28,252.93,10.01,0.03,23.77,0,water_treatment
36.7,69.67,103.16,235.24,16.1,2315.57,1.56,44.52,28.26,46.85,525.71,7.13,0.02,19.32,0,water_treatment
56.14,88.95,72.09,220.48,23.39,3189.47,2.88,38.79,27.28,44.48,372.98,6.72,0.03,25.65,0,water_treatment
62.17,108.16,81.68,232.33,13.63,1790.31,1.64,20.37,23.37,72.27,740.58,12.29,0.04,34.48,0,water_treatment
31.5,108.43,98.32,227.11,18.59,2738.91,2.52,43.4,18.97,72.72,443.3,13.79,0.03,26.54,0,water_treatment
56.31,100.63,89.73,235.56,15.31,1995.17,1.9,46.87,27.17,48.2,677.37,15.78,0.03,28.11,0,water_treatment
37.45,159.03,75.08,226.89,12.64,1297.46,0.91,36.4,25.77,34.92,757.65,14.78,0.03,42.06,0,water_treatment
42.82,50.69,95.53,228.05,23.02,2314.73,2.76,53.53,25.5,70.91,419.9,7.6,0.03,23.95,0,water_treatment
66.83,117.28,93.28,229.06,27.67,2744.21,2.26,35.94,15.93,39.74,795.52,15.23,0.03,31.71,0,water_treatment
49.29,68.82,92.76,218.51,8.44,1797.78,3.48,39.29,20.71,92.83,501.51,13.75,0.04,23.02,0,water_treatment
29.39,129.68,121.47,238.28,22.19,2413.58,0.6,57.86,17.69,35.04,580.82,9.67,0.03,32.47,0,water_treatment
51.82,136.39,61.28,219.53,13.96,2016.89,3.23,52.08,37.23,43.71,350.29,18.17,0.03,33.7,0,water_treatment
35.87,77.64,116.65,228.82,16.98,2046.01,2.94,44.13,21.14,74.35,651.5,7.11,0.03,36.63,0,water_treatment
47.4,104.5,89.68,231.97,15.63,2271.81,2.49,49.74,35.27,51.36,535.65,11.5,0.03,29.31,0,water_treatment
70.63,98.4,86.24,244.64,21.23,2284.33,2.29,53.73,20.54,56.56,347.92,9.88,0.02,33.12,0,water_treatment
46.09,127.62,103.48,224.92,15.24,2520.34,2.23,29.63,25.41,48.74,651.3,8.93,0.03,23.67,0,water_treatment
65.1,85.14,63.97,238.7,16.04,2665.25,3.37,53.43,21.81,45.3,362.89,6.49,0.02,21.09,0,water_treatment
63.85,86.38,82.86,221.35,21.65,2504.85,0.54,44.17,19.06,39.04,567.48,11.48,0.03,27.39,0,water_treatment
35.12,120.86,89.69,222.99,10.23,2534.32,2.62,37.19,37.23,43.97,237.59,10.04,0.04,19.72,0,water_treatment
46.74,104.68,59.57,232.23,17.97,1801.07,2.78,35.77,31.34,70.61,667.52,10.62,0.04,31.82,0,water_treatment
64.88,82.72,89.18,231.98,13.38,2291.19,3.1,53.25,17.56,64.26,342.75,12.68,0.04,42.08,0,water_treatment
35.46,130.86,123.05,229.01,21.52,2627.73,3.61,34.09,20.28,50.15,805.05,8.83,0.02,22.77,0,water_treatment
45.8,106.86,84.16,228.8,16.11,2393.06,2.27,32.26,19.99,50.03,516.77,11.55,0.04,25.98,0,water_treatment
48.61,70.85,95.4,223.05,20.11,2592.46,3.14,58.39,23.82,38.75,615.47,9.41,0.02,25.88,0,water_treatment
36.36,121.94,88.05,231.74,13.59,1467.48,2.77,47.6,29.56,44.32,555.42,10.75,0.02,23.7,0,water_treatment
44.77,99.64,117.37,219.54,22.81,2251.81,3.33,58.85,40.71,68.62,446.05,10.47,0.04,27.77,0,water_treatment
56.47,108.03,108.65,229.05,19.29,1973.46,4.84,41.24,22.53,62.98,715.94,18.27,0.01,19.57,0,water_treatment
53.17,141.44,103.7,233.24,12.51,3132.83,1.87,49.07,19.45,50.03,502.2,16.89,0.02,18.17,0,water_treatment
54.82,38.95,99.35,220.9,15.26,1971.79,3.23,52.03,39.69,32.9,378.06,7.12,0.02,30.17,0,water_treatment
61.04,72.49,95.73,231.8,23.77,2678.57,2.62,46.26,25.68,70.44,429.03,14.99,0.03,24.11,0,water_treatment
23.62,124.8,69.4,236.93,17.7,2747.1,2.28,48.52,23.19,48.45,627.28,16.27,0.03,23.35,0,water_treatment
42.46,105.74,102.04,231.34,14.99,1840.01,2.95,46.87,23.05,53.0,602.75,11.81,0.04,34.83,0,water_treatment
41.54,98.3,97.26,227.28,18.82,2549.01,2.25,37.38,19.41,91.96,791.69,12.81,0.02,25.78,0,water_treatment
41.68,94.84,65.04,226.08,20.23,1780.83,2.04,52.86,38.69,56.99,475.79,11.19,0.04,15.86,0,water_treatment
22.11,97.25,103.31,224.43,23.39,3076.65,2.18,48.38,18.17,44.69,591.75,10.66,0.02,19.34,0,water_treatment
46.7,129.14,58.87,231.98,16.61,2006.04,2.55,30.32,40.74,53.76,445.89,7.55,0.02,26.96,0,water_treatment
41.59,75.43,83.23,225.59,18.73,2039.35,4.09,55.13,29.56,48.35,660.78,4.74,0.03,32.21,0,water_treatment
54.64,139.96,76.92,225.46,18.69,1937.06,2.76,48.0,30.41,64.48,606.14,6.4,0.02,32.75,0,water_treatment
26.47,66.96,124.68,234.57,22.79,2566.39,3.23,53.69,27.3,36.08,571.53,10.17,0.03,28.74,0,water_treatment
42.6,101.2,114.65,225.38,20.59,1550.25,2.8,54.28,26.75,64.21,629.73,8.57,0.02,24.01,0,water_treatment
17.46,106.39,88.48,228.78,13.94,1973.36,4.26,49.06,32.09,37.64,893.85,9.12,0.02,32.2,0,water_treatment
37.06,100.18,56.96,226.49,14.86,2062.95,3.71,50.64,28.7,35.87,766.81,11.17,0.03,31.09,0,water_treatment
43.63,127.32,95.04,223.63,19.08,2398.0,3.86,52.84,25.04,29.43,250.61,10.28,0.03,21.94,0,water_treatment
42.66,106.47,104.94,232.83,14.48,2447.73,3.62,47.17,27.28,43.46,599.8,4.5,0.03,32.19,0,water_treatment
53.65,115.81,124.71,238.19,12.69,1667.43,3.15,55.68,29.19,66.69,901.31,8.64,0.02,13.7,0,water_treatment
44.09,135.45,74.63,223.51,20.74,1505.55,0.88,44.7,26.13,64.29,354.22,8.49,0.02,33.86,0,water_treatment
56.73,112.8,123.4,243.26,17.21,2196.6,2.89,45.35,30.21,46.45,661.69,9.98,0.03,34.06,0,water_treatment
46.75,93.65,94.34,231.34,21.37,1780.73,3.25,35.55,30.37,40.54,559.55,7.91,0.02,28.85,0,water_treatment
46.8,103.77,116.92,221.73,9.34,2784.28,2.46,46.66,35.45,64.14,756.66,10.36,0.02,22.08,0,water_treatment
44.37,108.35,82.7,228.85,23.06,2351.48,2.73,46.59,23.58,56.46,489.72,7.71,0.04,27.66,0,water_treatment
42.19,128.98,91.29,236.71,18.7,2052.44,2.95,44.22,30.66,70.15,551.88,7.5,0.04,34.74,0,water_treatment
65.09,48.58,112.45,225.97,25.5,2358.13,2.42,45.21,19.19,58.67,578.49,13.3,0.04,28.25,0,water_treatment
44.96,106.11,103.53,226.07,20.08,2288.98,1.99,29.67,16.2,54.52,732.35,5.55,0.02,28.54,0,water_treatment
42.85,96.3,94.26,243.07,8.9,1374.05,3.06,46.9,35.73,39.72,562.83,10.21,0.03,30.02,0,water_treatment
48.8,102.99,87.48,225.48,13.74,1601.54,1.65,22.13,23.45,61.06,513.46,16.25,0.02,28.32,0,water_treatment
49.67,101.4,94.1,228.64,17.64,1602.3,1.94,21.77,23.25,61.05,329.35,6.08,0.03,21.96,0,water_treatment
37.42,91.07,109.72,229.48,18.06,1774.27,4.94,40.04,28.91,31.83,453.08,10.99,0.02,27.05,0,water_treatment
44.93,135.57,54.62,235.45,13.63,2125.44,1.55,35.36,32.64,59.27,502.4,5.9,0.03,15.73,0,water_treatment
51.01,105.08,108.67,223.67,10.93,2187.12,2.33,42.53,31.68,57.99,956.01,10.38,0.02,23.49,0,water_treatment
56.95,119.91,82.75,236.75,15.8,1795.53,3.75,45.96,24.22,67.22,838.23,12.13,0.01,24.28,0,water_treatment
38.19,103.02,107.84,225.93,11.59,2197.87,3.05,47.66,42.49,52.47,830.68,13.53,0.02,31.56,0,water_treatment
43.83,103.78,46.05,223.97,18.08,2201.78,2.09,36.88,33.89,61.43,486.09,20.0,0.02,32.41,0,water_treatment
44.91,100.39,77.41,239.51,13.02,2223.56,2.48,53.8,9.76,70.72,824.29,14.17,0.01,17.56,0,water_treatment
48.7,136.14,80.06,226.5,23.43,1961.88,3.3,28.14,33.15,45.35,471.95,5.78,0.03,29.85,0,water_treatment
51.69,112.96,75.71,222.76,19.35,1860.6,3.54,48.04,27.17,52.53,433.11,6.41,0.02,28.05,0,water_treatment
41.11,180.0,80.78,228.42,19.05,2265.61,3.69,44.81,37.94,59.1,704.55,8.29,0.03,42.64,0,water_treatment
61.36,89.49,55.97,229.86,15.08,2987.53,3.67,42.49,23.17,58.76,593.74,10.0,0.03,31.69,0,water_treatment
54.04,110.6,95.52,230.57,5.05,1339.4,3.92,48.11,20.99,63.31,331.62,8.31,0.05,19.14,0,water_treatment
51.44,107.08,91.56,224.42,17.93,2744.57,2.49,45.26,25.31,66.31,546.71,9.54,0.03,35.05,0,water_treatment
50.89,105.99,97.97,225.72,14.15,1484.47,2.35,49.95,46.3,58.16,576.41,8.15,0.04,20.54,0,water_treatment
40.48,94.82,118.44,229.06,21.56,1389.49,2.28,38.55,23.75,47.48,618.49,15.87,0.03,35.05,0,water_treatment
40.97,81.28,122.47,230.7,21.66,1922.7,2.73,41.91,36.07,25.81,738.31,6.83,0.05,22.66,0,water_treatment
51.1,109.23,71.22,245.26,15.69,2443.57,2.74,49.87,18.0,64.81,762.49,10.45,0.03,40.32,0,water_treatment
53.56,68.01,70.28,232.01,23.89,1595.27,1.05,32.28,23.29,76.25,579.27,11.2,0.02,34.64,0,water_treatment
52.84,75.75,80.24,224.14,20.09,1963.32,2.99,45.01,25.57,89.49,473.16,5.46,0.02,40.06,0,water_treatment
76.03,87.16,99.12,233.59,20.29,1520.77,2.67,37.56,30.85,56.29,717.87,8.98,0.04,28.32,0,water_treatment
46.29,78.7,94.84,228.93,27.03,2199.36,3.45,52.38,34.03,62.9,658.46,15.0,0.01,29.75,0,water_treatment
23.34,117.47,127.53,221.72,16.55,1677.14,2.58,41.95,33.64,56.87,359.86,9.99,0.02,29.36,0,water_treatment
66.8,82.13,100.44,233.65,12.84,2577.42,3.07,43.67,28.81,65.04,496.34,10.77,0.03,39.36,0,water_treatment
53.43,83.34,76.12,226.26,13.71,2446.72,3.85,31.15,27.25,62.22,356.85,13.63,0.02,24.39,0,water_treatment
55.83,105.74,75.18,221.65,23.65,2162.75,3.41,35.34,38.85,66.38,561.13,12.13,0.03,36.8,0,water_treatment
30.49,92.83,87.87,217.19,14.2,2459.24,2.65,44.37,25.01,67.89,525.64,14.13,0.03,24.13,0,water_treatment
45.49,71.1,95.4,224.62,12.82,2232.56,2.25,25.62,22.04,39.82,800.33,8.32,0.01,18.18,0,water_treatment
38.99,98.32,58.48,231.54,22.45,2459.62,3.26,56.51,21.55,45.5,663.1,15.5,0.03,30.03,0,water_treatment
45.92,69.88,62.7,218.0,15.8,1641.26,3.66,55.08,32.1,31.37,537.16,10.59,0.03,36.6,0,water_treatment
32.1,90.56,96.18,236.88,13.29,2401.19,4.13,41.91,31.6,63.82,593.14,12.27,0.03,32.52,0,water_treatment
47.24,98.07,82.18,217.48,25.27,1471.83,2.13,54.59,29.1,46.01,370.57,13.37,0.03,35.57,0,water_treatment
43.35,65.84,88.22,218.21,21.64,2883.17,2.67,45.21,16.62,37.3,533.54,7.04,0.03,18.61,0,water_treatment
60.6,118.98,84.19,222.22,17.33,1918.22,1.91,47.8,30.52,48.63,766.28,15.5,0.03,17.36,0,water_treatment
44.16,118.39,78.2,245.36,23.09,2930.64,3.21,54.32,23.79,38.89,512.02,6.93,0.02,38.56,0,water_treatment
39.55,80.41,94.56,219.29,21.59,2263.43,2.69,49.63,28.75,53.08,277.43,7.5,0.02,22.86,0,water_treatment
40.43,104.5,84.76,243.17,18.21,1630.87,2.66,59.75,30.64,68.02,645.36,12.23,0.03,16.01,0,water_treatment
31.16,120.2,100.13,217.64,15.26,2641.56,2.61,53.5,23.92,51.96,384.84,8.2,0.01,34.78,0,water_treatment
51.38,110.94,135.82,225.05,17.29,1685.86,1.87,41.15,26.34,27.08,374.15,16.0,0.01,20.18,0,water_treatment
55.9,114.72,99.86,231.69,19.93,2647.02,2.59,61.44,9.56,36.08,576.23,4.75,0.04,34.38,0,water_treatment
46.86,121.44,100.96,250.0,17.5,2638.7,3.18,49.05,18.26,63.17,258.23,11.61,0.03,27.49,0,water_treatment
57.68,125.89,83.32,237.35,15.74,2591.54,3.17,35.11,18.55,47.39,479.66,12.41,0.02,15.94,0,water_treatment
53.37,122.43,114.39,233.9,15.99,2594.94,4.21,31.14,30.54,62.72,616.33,5.18,0.02,23.31,0,water_treatment
52.05,70.88,82.34,236.26,14.41,2557.22,2.36,54.7,33.05,53.6,556.8,10.39,0.03,38.61,0,water_treatment
32.34,148.27,66.82,234.88,8.31,2388.83,2.97,58.57,40.41,36.79,499.16,4.06,0.02,18.63,0,water_treatment
48.8,78.61,91.48,231.45,18.18,2389.9,3.4,62.66,34.14,73.24,559.48,6.62,0.03,31.94,0,water_treatment
43.14,89.84,61.7,239.22,17.48,2319.89,1.18,34.54,25.41,46.93,470.83,10.26,0.03,21.93,0,water_treatment
33.7,94.91,79.48,227.33,13.92,1600.51,2.14,47.57,18.59,50.76,365.35,11.67,0.04,30.9,0,water_treatment
33.91,97.24,132.16,234.05,14.58,2119.1,2.14,48.25,33.77,62.25,798.02,6.19,0.03,30.65,0,water_treatment
56.67,98.4,97.99,225.48,10.24,1812.11,3.11,36.83,22.22,45.15,658.03,10.79,0.04,31.32,0,water_treatment
38.19,84.51,104.8,227.26,17.47,1257.65,3.27,33.94,34.79,46.53,750.47,14.42,0.02,18.57,0,water_treatment
70.0,59.54,60.75,222.55,22.67,1204.2,1.57,52.34,25.06,36.94,534.88,7.51,0.04,27.02,0,water_treatment
56.42,95.29,54.95,231.28,13.97,2194.59,2.53,39.14,31.1,66.18,368.51,13.17,0.03,25.84,0,water_treatment
45.53,90.13,120.94,224.77,16.14,2082.51,1.94,34.55,38.96,70.87,222.63,4.82,0.03,18.25,0,water_treatment
48.11,123.14,89.99,239.2,18.71,1659.62,2.95,28.56,26.66,54.45,689.85,13.35,0.02,28.87,0,water_treatment
65.95,102.33,96.82,229.73,16.52,2226.5,2.72,45.85,12.28,46.26,655.29,11.58,0.03,24.01,0,water_treatment
44.64,122.15,120.46,236.2,13.62,1087.06,3.43,31.26,34.54,26.22,515.7,10.84,0.02,19.04,0,water_treatment
42.93,81.85,70.1,232.44,14.38,2091.69,2.41,43.47,37.82,17.49,679.8,8.22,0.03,26.07,0,water_treatment
52.75,119.87,87.99,230.95,18.44,2117.14,2.82,44.7,31.66,54.78,561.39,6.06,0.02,27.91,0,water_treatment
38.85,100.33,106.44,232.94,18.81,2699.95,4.27,37.24,24.29,41.03,539.14,7.65,0.02,38.52,0,water_treatment
37.09,152.64,45.22,232.28,18.83,1932.93,2.8,38.49,21.38,59.68,608.58,12.42,0.02,22.31,0,water_treatment
45.26,112.56,77.84,232.52,12.53,3174.64,2.55,49.76,33.05,76.53,605.35,10.81,0.03,21.25,0,water_treatment
57.94,68.51,109.54,239.95,20.68,2782.36,3.25,30.87,28.22,33.68,641.48,9.97,0.03,40.28,0,water_treatment
55.59,110.93,150.0,231.79,20.83,2597.25,3.66,46.38,35.94,63.84,441.04,11.69,0.01,20.87,0,water_treatment
42.06,108.07,72.02,231.74,20.58,2022.1,3.09,50.63,32.0,46.49,421.17,18.21,0.02,30.85,0,water_treatment
33.13,124.5,81.04,221.74,11.77,2858.16,3.48,51.66,29.93,32.61,634.19,9.58,0.01,37.21,0,water_treatment
57.42,123.91,74.03,228.11,13.42,1987.47,4.03,37.01,18.82,67.29,781.97,11.49,0.02,22.91,0,water_treatment
50.06,135.22,91.39,237.8,15.72,1510.08,3.25,38.98,14.09,37.13,684.58,11.15,0.02,22.19,0,water_treatment
51.41,72.28,75.93,220.73,16.67,2867.8,2.41,48.78,25.62,61.39,344.2,9.31,0.01,30.75,0,water_treatment
48.48,140.98,115.28,226.31,18.6,2551.09,2.19,35.63,39.48,61.71,410.82,7.89,0.04,36.16,0,water_treatment
56.21,88.3,103.18,228.07,20.39,2160.1,2.08,43.2,27.96,37.97,635.63,6.59,0.02,28.15,0,water_treatment
37.9,111.28,86.24,219.25,18.03,1806.05,2.83,48.49,24.21,50.68,457.68,8.48,0.02,31.29,0,water_treatment
45.55,110.11,136.52,229.65,15.49,2206.98,2.36,41.76,42.58,28.4,441.24,5.45,0.02,35.88,0,water_treatment
51.18,114.54,105.74,227.45,17.06,1925.64,2.63,59.19,39.55,92.41,808.78,9.91,0.02,31.49,0,water_treatment
54.81,73.65,69.17,233.54,22.72,2200.39,3.51,56.22,17.66,33.45,635.08,12.89,0.04,44.44,0,water_treatment
68.54,108.4,108.37,233.52,16.68,2148.32,1.68,41.43,31.81,40.43,437.72,10.55,0.03,20.91,0,manufacturing
51.29,154.63,74.64,225.27,21.75,1677.3,2.87,55.64,17.67,39.28,616.1,12.16,0.02,17.23,0,manufacturing
70.78,157.95,107.46,221.38,13.09,1880.2,3.05,52.85,31.07,53.19,438.98,9.58,0.03,33.55,0,manufacturing
65.89,87.35,70.88,232.78,21.44,1890.56,4.37,56.19,13.49,100.0,842.45,12.3,0.03,29.91,0,manufacturing
61.72,138.66,65.92,225.67,12.7,1748.71,3.17,38.37,25.89,54.03,683.67,7.87,0.02,33.14,0,manufacturing
56.12,151.74,102.54,218.17,18.9,1639.4,3.64,52.66,18.83,44.36,416.57,8.82,0.03,29.85,0,manufacturing
38.9,147.77,50.55,242.16,17.29,2268.71,1.1,44.58,13.29,57.87,519.4,6.63,0.02,28.19,0,manufacturing
62.07,148.02,84.84,238.43,18.84,2785.0,2.86,48.64,35.51,55.37,477.51,11.23,0.04,30.6,0,manufacturing
54.03,104.21,71.52,233.61,24.46,1996.16,3.41,45.09,27.25,53.28,417.84,14.24,0.01,40.8,0,manufacturing
49.25,174.6,117.95,223.89,17.65,2447.01,2.44,50.43,36.31,59.11,701.5,7.14,0.03,46.59,0,manufacturing
42.8,137.61,83.35,233.14,16.84,2473.11,2.91,50.83,15.2,69.17,423.74,7.89,0.02,32.25,0,manufacturing
56.05,133.66,96.85,226.19,19.24,2189.96,1.7,57.71,20.85,56.1,446.92,11.28,0.01,19.41,0,manufacturing
72.34,150.51,117.03,232.67,23.44,1955.47,3.59,37.77,28.75,45.82,929.5,9.7,0.02,20.54,0,manufacturing
69.4,80.9,87.97,231.48,11.63,2096.4,2.25,34.58,20.94,70.84,576.98,5.38,0.03,34.57,0,manufacturing
56.1,130.8,82.4,239.8,21.59,2086.25,3.15,42.19,24.53,54.2,707.89,11.08,0.01,27.02,0,manufacturing
47.63,122.38,55.57,237.69,16.95,1675.43,2.81,40.65,10.23,37.89,652.99,11.45,0.03,29.34,0,manufacturing
47.34,135.17,88.59,238.32,12.94,2030.65,3.23,54.77,37.68,71.85,627.71,17.22,0.03,20.73,0,manufacturing
61.66,111.27,56.64,226.99,16.08,2305.76,2.67,55.9,28.13,27.75,450.99,12.27,0.03,31.42,0,manufacturing
64.92,145.7,98.69,223.95,16.27,2241.11,3.11,54.66,23.04,47.83,283.47,11.47,0.03,38.0,0,manufacturing
62.86,100.04,46.22,232.28,15.97,1777.48,2.79,45.45,17.65,55.45,653.95,8.78,0.03,19.12,0,manufacturing
61.4,118.79,94.82,231.87,18.93,2290.54,3.12,40.45,29.71,62.06,397.11,11.92,0.03,29.55,0,manufacturing
64.87,162.75,68.01,243.72,15.6,2443.92,2.69,44.03,40.65,81.04,229.37,11.95,0.02,32.92,0,manufacturing
62.83,111.43,67.65,225.82,22.45,1674.35,2.8,28.36,18.83,55.61,558.68,8.54,0.02,27.09,0,manufacturing
48.55,158.23,83.45,218.79,16.81,2383.86,2.87,29.49,15.58,34.32,625.54,7.25,0.02,27.44,0,manufacturing
49.13,163.03,84.51,228.54,13.89,2788.86,2.35,28.66,23.89,30.81,530.78,13.99,0.03,32.21,0,manufacturing
55.94,105.81,109.35,234.39,18.08,2627.15,3.04,33.98,34.91,65.12,553.66,5.88,0.03,22.14,0,manufacturing
68.29,109.13,118.41,236.85,14.34,2123.21,2.68,40.85,29.86,59.22,711.72,10.24,0.02,16.64,0,manufacturing
66.17,140.0,56.12,222.77,13.84,2342.42,2.44,50.32,26.93,48.56,417.77,13.23,0.03,31.23,0,manufacturing
52.49,131.48,103.22,232.12,20.27,2740.61,0.92,51.88,21.28,53.99,551.65,12.48,0.03,26.32,0,manufacturing
84.16,171.61,76.77,216.99,23.02,1536.38,2.56,34.69,20.84,77.27,585.46,9.17,0.02,26.98,0,manufacturing
61.76,129.43,102.23,226.06,25.64,1725.82,2.85,35.27,32.96,50.57,647.47,9.93,0.02,31.17,0,manufacturing
57.07,145.19,86.66,233.1,13.54,2453.98,3.36,48.55,18.16,33.75,388.32,7.95,0.03,30.22,0,manufacturing
50.99,122.75,88.08,227.73,14.28,2549.95,3.13,48.28,20.58,48.02,583.62,16.18,0.01,25.62,0,manufacturing
62.11,122.88,88.58,223.88,28.85,2325.08,2.34,66.18,35.46,58.16,239.52,6.75,0.02,34.17,0,manufacturing
58.49,170.74,97.59,228.19,16.93,2235.81,2.53,42.43,28.55,40.37,563.41,9.77,0.04,19.43,0,manufacturing
63.29,135.64,58.45,236.34,20.85,2229.79,2.32,53.95,40.67,45.86,399.77,16.71,0.04,17.15,0,manufacturing
58.0,116.02,63.87,239.34,14.77,2545.85,3.19,38.82,21.11,73.06,684.63,4.08,0.02,37.37,0,manufacturing
50.52,155.55,105.21,230.11,17.81,2962.85,3.54,46.96,22.26,48.53,372.61,12.91,0.03,22.24,0,manufacturing
54.28,80.23,88.38,229.79,17.74,1332.74,1.65,64.16,20.33,54.63,129.82,11.79,0.03,29.54,0,manufacturing
75.41,125.88,93.82,242.03,19.94,1040.09,2.7,36.1,34.51,80.74,575.36,15.85,0.02,21.35,0,manufacturing
48.9,128.08,65.17,225.39,9.57,1880.5,3.17,35.88,25.25,72.45,472.79,9.65,0.03,23.93,0,manufacturing
65.61,108.71,96.34,232.95,22.12,1922.76,2.75,46.91,21.3,58.59,444.74,13.08,0.03,15.15,0,manufacturing
68.56,141.24,121.27,227.98,21.14,1783.33,1.42,44.47,34.93,59.36,471.53,12.9,0.02,41.84,0,manufacturing
44.31,116.76,72.36,242.77,16.34,2005.58,2.84,47.63,33.23,56.86,710.41,9.89,0.03,30.47,0,manufacturing
63.11,160.36,33.15,233.76,19.55,2717.44,2.06,38.29,15.56,60.53,208.12,12.63,0.03,17.92,0,manufacturing
51.79,148.18,62.95,224.44,15.51,2521.84,3.01,44.87,36.06,30.12,455.09,8.37,0.02,31.72,0,manufacturing
57.6,101.57,46.34,238.52,21.05,1858.42,1.55,53.94,39.66,49.8,473.18,11.6,0.02,24.28,0,manufacturing
55.42,131.73,57.05,235.06,19.7,1673.39,3.63,52.78,32.08,56.92,611.26,5.54,0.04,33.43,0,manufacturing
46.91,162.97,74.74,239.23,20.63,1925.19,2.68,39.67,34.27,71.75,421.73,10.4,0.03,19.11,0,manufacturing
63.63,98.19,79.39,218.17,16.7,2301.63,2.3,40.33,38.15,71.68,452.29,19.17,0.02,16.37,0,manufacturing
54.57,124.31,132.02,227.77,12.7,2673.22,2.53,54.82,25.87,74.67,455.1,5.93,0.02,29.52,0,manufacturing
35.2,147.72,76.57,231.61,19.27,2721.75,2.64,44.41,36.04,50.65,384.19,8.81,0.01,22.51,0,manufacturing
64.83,158.25,105.57,223.4,13.18,2443.45,4.63,44.97,44.68,68.54,303.38,15.21,0.03,26.73,0,manufacturing
70.32,119.03,107.53,230.31,20.03,2202.51,2.39,51.12,34.74,26.3,604.81,13.04,0.0,18.53,0,manufacturing
37.43,147.43,88.86,227.28,13.39,2490.97,1.47,34.3,19.52,38.12,508.7,15.6,0.02,34.76,0,manufacturing
66.26,173.96,99.72,229.22,19.17,2326.38,2.51,47.46,24.73,54.11,679.25,15.18,0.02,25.61,0,manufacturing
75.65,162.66,98.31,224.5,21.86,1394.19,2.31,32.23,13.39,67.58,354.39,13.96,0.04,28.89,0,manufacturing
65.75,146.1,97.56,226.87,18.56,2319.76,3.79,43.21,20.56,72.17,366.75,11.78,0.01,20.11,0,manufacturing
42.86,118.77,126.37,220.32,12.9,2568.13,3.43,44.41,35.7,31.18,430.91,8.83,0.03,21.89,0,manufacturing
54.51,113.48,109.29,226.31,20.83,2296.53,2.93,42.06,19.4,42.69,536.31,9.34,0.03,15.48,0,manufacturing
68.59,115.61,92.1,226.41,20.96,2528.82,1.8,44.38,41.53,44.52,782.72,16.86,0.02,36.52,0,manufacturing
62.93,121.3,90.59,231.7,17.21,2200.68,2.93,33.68,34.9,42.57,513.72,9.52,0.04,23.0,0,manufacturing
56.35,171.26,71.04,228.09,16.87,2079.19,2.79,41.78,30.99,57.88,908.3,16.82,0.04,27.9,0,manufacturing
60.22,159.84,122.48,237.48,18.18,2090.85,2.75,42.14,32.26,25.07,414.31,8.21,0.02,32.01,0,manufacturing
69.05,137.66,77.61,225.17,19.39,2083.81,2.62,49.91,15.35,76.84,355.86,10.88,0.02,28.34,0,manufacturing
51.22,123.79,82.79,225.55,25.93,1542.49,1.63,37.59,23.72,55.11,630.02,13.95,0.01,31.69,0,manufacturing
68.78,199.94,94.99,230.75,16.59,2531.09,1.91,44.3,33.15,51.06,677.04,13.13,0.02,22.13,0,manufacturing
62.34,169.52,89.09,229.14,17.96,2202.88,3.8,34.14,30.42,63.68,541.0,11.82,0.02,28.68,0,manufacturing
52.86,156.29,67.31,234.69,16.61,2411.26,3.0,58.8,27.48,49.92,452.07,6.57,0.03,26.4,0,manufacturing
76.09,117.08,98.17,229.45,18.43,1865.03,2.85,45.01,16.38,55.43,754.18,15.15,0.02,19.68,0,manufacturing
49.54,129.35,100.14,232.5,20.67,2352.69,2.54,49.31,25.33,64.57,650.81,11.35,0.04,33.24,0,manufacturing
42.76,135.91,93.59,228.18,20.85,2498.95,2.01,44.97,40.1,58.96,717.14,11.96,0.04,28.66,0,manufacturing
55.22,196.32,97.19,225.63,20.64,1073.32,2.63,43.4,38.09,57.76,755.62,12.19,0.02,24.14,0,manufacturing
50.54,116.0,79.16,228.1,22.82,2235.33,2.65,37.47,33.62,61.04,524.83,8.53,0.03,26.16,0,manufacturing
62.72,117.67,35.03,231.41,17.16,2062.85,2.95,39.83,20.72,59.24,549.25,9.19,0.04,42.95,0,manufacturing
66.15,147.17,59.96,235.98,15.49,1986.53,3.78,47.35,40.47,61.3,293.74,13.08,0.03,34.19,0,manufacturing
55.63,144.94,72.62,237.34,14.69,2465.85,3.7,39.09,21.39,62.32,696.91,7.36,0.01,12.49,0,manufacturing
56.03,156.62,34.89,223.04,18.77,1975.47,2.76,43.87,23.38,35.47,401.34,7.39,0.03,25.05,0,manufacturing
64.15,138.6,81.09,235.19,18.17,2458.36,4.51,49.24,19.74,78.08,648.39,10.54,0.02,36.46,0,manufacturing
62.28,164.47,96.76,231.01,23.42,2184.18,1.9,41.94,34.61,61.12,434.19,4.21,0.03,13.8,0,manufacturing
74.01,154.44,124.6,240.4,19.82,2360.31,3.58,53.52,27.66,60.98,365.14,11.02,0.02,36.39,0,manufacturing
81.32,132.62,123.71,228.04,22.16,1990.77,2.38,39.24,26.65,44.17,360.95,13.34,0.02,20.16,0,manufacturing
57.55,138.84,114.28,238.44,15.28,1629.87,2.55,37.79,23.83,69.92,537.09,12.2,0.03,29.18,0,manufacturing
70.15,121.34,107.43,235.93,15.35,1651.26,2.82,52.35,30.78,51.9,631.16,7.6,0.03,22.19,0,manufacturing
67.16,153.37,85.66,230.22,19.85,2058.38,4.95,30.74,33.94,68.58,428.82,9.85,0.04,42.16,0,manufacturing
60.25,138.16,102.73,225.32,24.31,2311.27,2.64,46.2,29.31,51.53,527.97,5.69,0.01,27.68,0,manufacturing
67.6,144.84,38.29,236.72,9.55,1859.32,1.76,52.38,34.48,86.25,663.46,10.16,0.02,27.2,0,manufacturing
53.56,180.79,59.46,230.96,24.36,3228.51,3.92,48.03,28.38,53.34,746.04,9.68,0.03,34.37,0,manufacturing
63.81,151.61,100.05,227.92,17.89,2574.16,4.16,55.85,30.52,51.11,473.55,10.92,0.03,24.28,0,manufacturing
56.83,154.32,94.3,239.08,18.18,2339.08,3.82,45.94,36.44,56.01,483.29,9.43,0.03,31.95,0,manufacturing
65.61,161.98,105.82,243.93,18.14,2968.91,3.96,27.92,38.63,52.49,406.47,6.14,0.03,17.79,0,manufacturing
57.06,158.55,70.95,232.2,21.64,2006.47,2.56,46.48,43.23,55.68,601.63,7.35,0.04,18.79,0,manufacturing
49.88,150.65,63.09,223.51,19.62,2069.87,1.86,52.6,31.12,60.82,441.96,8.82,0.03,28.54,0,manufacturing
61.71,98.8,71.15,236.13,19.5,2349.47,3.15,41.91,44.26,32.95,577.9,9.96,0.03,24.77,0,manufacturing
50.35,126.51,104.2,237.6,11.07,2172.28,2.41,51.61,27.07,57.53,416.96,9.56,0.04,34.91,0,manufacturing
54.65,135.25,82.77,222.07,13.11,2792.14,1.41,52.25,19.16,75.86,695.78,8.14,0.03,32.04,0,manufacturing
42.47,126.23,89.4,236.82,15.98,2736.98,1.34,49.28,33.06,31.96,684.7,10.62,0.01,32.05,0,manufacturing
50.19,136.6,113.22,223.34,24.09,2509.16,2.61,59.19,30.12,48.06,426.0,10.53,0.03,12.86,0,manufacturing
80.19,149.77,99.62,219.28,17.6,2428.68,2.61,53.77,14.93,71.68,729.43,8.58,0.02,23.7,0,manufacturing
62.04,115.38,90.81,228.6,21.12,2660.45,3.28,61.14,34.73,70.64,375.26,9.23,0.02,21.72,0,manufacturing
37.5,154.88,138.48,227.12,19.41,2392.1,3.27,47.04,22.35,73.26,376.56,10.63,0.03,25.55,0,manufacturing
35.74,127.52,120.33,228.61,16.49,1810.45,2.66,38.35,22.21,59.42,752.27,9.07,0.02,34.44,0,manufacturing
71.04,179.28,62.6,224.44,15.1,2328.58,2.19,49.79,24.9,68.42,911.44,9.54,0.03,32.93,0,manufacturing
59.1,155.7,126.07,227.43,22.04,1764.61,2.08,50.49,25.59,83.66,521.88,8.18,0.03,36.96,0,manufacturing
63.06,86.79,118.32,228.1,11.56,1565.06,2.19,42.89,16.14,58.12,714.36,10.42,0.02,32.17,0,manufacturing
55.2,80.04,58.8,238.75,19.8,2278.8,3.08,45.81,35.18,68.33,437.13,10.52,0.03,21.22,0,manufacturing
74.79,102.02,99.74,241.39,17.51,2389.06,2.83,46.36,24.93,66.66,933.53,10.28,0.03,24.94,0,manufacturing
48.46,187.07,110.28,232.59,26.94,1951.45,3.38,32.86,29.21,53.14,516.01,9.82,0.03,30.74,0,manufacturing
52.03,137.79,73.33,234.68,17.44,2726.95,2.27,58.85,30.03,68.14,186.29,12.61,0.03,30.5,0,manufacturing
64.5,107.56,115.86,220.53,19.76,2275.54,2.62,45.05,36.01,90.66,493.98,14.19,0.03,26.6,0,manufacturing
60.17,159.1,113.33,219.65,21.35,2097.63,3.06,51.98,29.17,33.21,554.61,2.58,0.02,46.44,0,manufacturing
66.32,94.96,73.8,238.02,18.09,1474.27,3.22,29.5,20.93,52.11,713.75,8.53,0.01,42.16,0,manufacturing
58.48,109.23,139.46,223.44,23.15,2460.65,3.82,35.85,23.97,73.2,415.67,14.29,0.01,29.31,0,manufacturing
77.59,107.25,140.42,224.43,13.04,3270.85,3.23,41.56,21.13,68.0,607.63,15.01,0.02,40.35,0,manufacturing
46.62,168.77,74.33,234.35,18.2,2287.88,3.18,52.43,14.16,62.12,543.2,12.55,0.02,24.06,0,manufacturing
55.6,81.36,46.72,235.68,12.53,2006.32,3.12,64.33,25.36,57.51,543.25,6.19,0.02,22.8,0,manufacturing
46.01,161.48,97.82,235.38,17.61,2403.08,2.91,52.47,31.09,79.98,662.85,12.58,0.02,34.76,0,manufacturing
52.01,164.67,126.69,233.01,19.03,2359.61,2.1,38.08,28.86,63.22,552.9,9.12,0.02,28.5,0,manufacturing
47.84,114.57,89.29,230.95,20.8,1890.03,2.98,62.16,31.86,57.11,413.29,4.68,0.02,30.84,0,manufacturing
63.28,122.33,95.17,245.68,24.36,1944.09,2.71,52.3,28.27,62.59,377.25,6.51,0.02,19.16,0,manufacturing
52.97,145.14,80.3,236.53,14.06,1933.86,3.03,42.74,31.71,55.19,585.55,12.7,0.02,29.7,0,manufacturing
52.28,130.39,92.11,218.02,17.3,2376.42,2.68,36.69,22.73,60.71,498.67,12.26,0.03,37.43,0,manufacturing
51.04,70.39,70.03,233.9,20.51,1436.94,2.71,54.26,32.28,67.42,337.54,11.98,0.04,44.03,0,manufacturing
75.07,124.93,95.4,234.22,17.25,2209.07,2.21,43.73,46.05,49.96,464.23,3.67,0.02,34.33,0,manufacturing
68.43,105.86,88.94,220.49,13.7,1614.27,2.43,50.79,28.06,41.42,382.61,11.34,0.03,29.17,0,manufacturing
51.06,127.63,92.9,223.46,17.49,2444.84,2.09,38.29,23.78,41.91,634.61,9.68,0.03,31.29,0,manufacturing
58.23,142.47,54.9,233.6,11.82,1774.94,3.25,36.76,22.77,27.87,461.63,5.99,0.03,34.45,0,manufacturing
55.26,141.28,83.75,238.52,17.07,2004.88,2.18,20.0,15.53,76.25,632.91,10.65,0.03,23.23,0,manufacturing
60.1,162.99,82.26,223.44,16.92,2050.32,1.9,45.34,16.16,56.53,509.52,12.02,0.04,30.94,0,manufacturing
58.8,121.48,101.18,227.42,19.94,1790.11,2.83,36.04,36.71,69.85,263.94,7.46,0.01,19.27,0,manufacturing
62.2,77.93,37.49,232.35,18.79,3116.58,3.25,42.45,17.81,55.21,695.7,11.05,0.02,17.07,0,manufacturing
51.01,127.89,94.61,224.96,14.4,3600.0,3.16,45.38,16.29,45.01,705.49,11.03,0.02,29.87,0,manufacturing
69.15,117.41,76.75,232.52,17.1,2005.37,2.82,47.06,19.27,52.79,523.88,8.05,0.02,34.08,0,manufacturing
68.05,127.72,95.74,236.44,18.44,1457.04,2.74,27.64,20.24,58.57,851.81,14.25,0.02,17.18,0,manufacturing
69.52,142.46,88.71,233.36,16.26,800.0,2.49,52.47,41.82,64.47,526.94,13.11,0.02,20.9,0,manufacturing
57.13,146.82,78.63,225.38,15.92,1418.95,3.48,50.56,35.71,69.49,323.88,9.56,0.04,33.27,0,manufacturing
81.52,102.21,103.91,241.15,17.49,1887.64,3.51,46.41,50.0,68.32,694.5,12.34,0.03,31.27,0,manufacturing
47.12,109.52,72.38,232.21,12.44,1771.87,3.33,30.74,31.58,73.96,681.91,10.8,0.03,19.09,0,manufacturing
27.25,114.31,101.77,229.44,29.32,3132.54,3.6,31.52,21.36,52.17,519.63,8.56,0.01,27.21,0,manufacturing
77.13,144.08,46.75,224.12,13.75,2173.81,2.43,53.4,34.78,35.17,477.89,6.77,0.02,23.08,0,manufacturing
43.12,135.4,92.85,224.23,18.25,2350.76,3.31,50.17,21.14,50.03,419.98,9.7,0.01,33.34,0,manufacturing
63.46,150.06,112.7,242.42,23.22,2216.54,3.67,39.61,17.32,42.24,748.19,11.42,0.02,36.1,0,manufacturing
62.33,94.71,122.15,222.29,18.01,1978.52,3.05,37.93,24.51,61.49,502.82,4.74,0.03,22.57,0,manufacturing
63.49,95.31,70.65,230.59,20.32,2269.57,2.52,39.53,23.82,69.64,630.35,11.42,0.02,38.18,0,manufacturing
58.13,167.42,81.39,224.82,20.12,2124.39,2.91,48.6,36.59,47.31,495.76,11.78,0.02,25.17,0,manufacturing
56.26,93.81,88.96,223.12,16.75,2248.82,3.08,33.45,34.92,48.94,342.29,8.69,0.03,16.41,0,manufacturing
52.02,171.26,91.48,233.24,19.36,3327.62,3.16,54.94,30.27,62.34,765.5,15.92,0.03,35.98,0,manufacturing
58.93,105.5,57.56,220.05,17.28,1646.94,2.77,44.77,32.31,58.41,731.11,12.32,0.02,21.08,0,manufacturing
60.85,160.48,97.29,239.93,22.79,1610.93,2.15,57.78,29.21,50.03,725.3,12.26,0.0,30.47,0,manufacturing
55.39,127.28,121.49,225.83,5.54,1193.56,3.8,41.48,29.67,47.15,814.25,16.0,0.0,28.47,0,manufacturing
49.28,153.98,102.53,237.37,23.93,2366.42,2.65,49.53,33.54,58.06,751.17,2.7,0.02,37.68,0,manufacturing
44.99,113.34,108.39,230.31,16.76,2555.3,4.54,41.28,10.27,23.33,729.01,9.71,0.03,42.93,0,manufacturing
52.87,110.8,104.48,224.92,13.64,2538.38,2.92,52.52,30.76,69.48,523.64,6.92,0.04,20.67,0,manufacturing
73.02,156.72,77.89,229.1,13.37,2379.74,3.85,46.44,27.26,48.25,726.45,8.83,0.04,28.66,0,manufacturing
54.33,128.9,86.05,229.34,25.43,3107.82,2.25,45.08,31.26,59.67,705.33,6.9,0.03,26.02,0,manufacturing
66.91,122.4,89.77,220.32,12.41,2313.33,3.02,42.97,31.01,72.83,810.91,10.81,0.02,11.28,0,manufacturing
45.58,140.08,77.25,220.94,8.63,2269.92,0.5,53.24,22.86,52.68,511.37,10.09,0.02,25.45,0,manufacturing
63.9,150.79,70.0,236.78,16.66,2951.9,3.81,59.13,36.85,72.58,540.49,8.13,0.0,24.45,0,manufacturing
64.68,112.28,119.7,233.07,16.62,2567.9,3.59,56.47,23.68,43.77,561.35,10.09,0.03,12.53,0,manufacturing
53.82,134.51,96.59,241.17,15.06,1877.87,4.88,47.84,28.29,26.92,855.0,9.91,0.03,29.8,0,manufacturing
61.21,115.78,108.85,228.64,24.33,2900.62,3.94,48.15,42.02,51.65,754.18,8.79,0.01,33.61,0,manufacturing
58.54,130.61,79.36,245.47,12.11,2537.48,3.23,40.64,14.94,51.67,552.65,10.46,0.01,34.47,0,manufacturing
65.16,125.85,107.3,238.95,12.49,1671.4,2.77,70.0,32.86,87.22,402.7,7.5,0.03,31.23,0,manufacturing
54.06,162.2,68.59,240.64,16.96,2962.19,4.23,49.12,21.97,39.72,439.72,5.52,0.03,39.29,0,manufacturing
58.57,138.51,51.02,221.08,17.64,1523.59,3.31,53.83,26.78,50.88,554.49,11.74,0.02,16.83,0,manufacturing
69.23,130.71,101.54,220.84,21.07,2351.47,3.46,57.33,16.56,58.24,671.59,7.02,0.02,11.4,0,manufacturing
58.86,128.61,75.92,235.14,12.05,2573.9,1.97,47.55,34.81,35.52,392.92,4.61,0.03,29.46,0,manufacturing
45.92,147.44,97.13,223.21,12.56,1571.91,2.19,39.23,25.35,42.23,610.57,9.56,0.04,31.1,0,manufacturing
45.27,126.08,82.26,229.46,14.51,2619.4,2.27,57.78,32.93,43.94,495.0,6.14,0.03,25.01,0,manufacturing
55.26,111.73,55.9,223.44,17.27,1414.26,2.58,46.74,32.16,56.29,696.17,11.92,0.03,31.43,0,manufacturing
43.47,105.09,96.28,229.6,13.93,1355.21,3.08,35.92,20.64,38.34,895.17,9.57,0.04,27.06,0,manufacturing
63.07,121.1,87.46,239.19,8.37,1993.02,1.65,53.43,34.58,63.45,583.64,15.02,0.02,20.82,0,manufacturing
67.82,167.33,93.06,228.39,15.93,2961.79,2.13,26.47,27.18,65.35,447.59,5.82,0.03,30.93,0,manufacturing
48.68,129.04,108.53,223.28,25.35,2319.31,3.3,52.38,29.76,67.74,236.88,6.86,0.03,24.02,0,manufacturing
54.5,188.13,77.49,229.97,10.12,2031.63,3.28,34.85,18.55,35.8,354.22,14.63,0.01,33.51,0,manufacturing
49.71,156.58,71.31,225.27,24.04,2498.87,3.89,46.96,34.02,44.33,292.52,8.7,0.03,36.05,0,manufacturing
44.05,139.34,90.63,243.18,27.44,2308.35,1.63,38.4,23.69,46.43,300.42,13.9,0.03,31.13,0,manufacturing
61.63,148.2,100.82,248.19,21.38,2667.46,2.46,40.15,23.59,25.06,636.51,9.0,0.03,16.65,0,manufacturing
55.31,131.63,86.24,223.27,16.85,2561.5,3.75,43.9,22.96,75.81,678.59,14.19,0.04,29.27,0,manufacturing
32.9,148.26,104.69,224.66,20.56,2721.53,3.2,38.13,26.17,66.19,1024.0,14.36,0.04,23.54,0,manufacturing
63.46,114.06,91.51,235.48,20.09,2887.94,1.81,45.89,28.85,69.43,720.32,11.22,0.03,8.57,0,manufacturing
32.11,144.17,92.24,224.69,23.43,2347.23,3.37,53.89,30.49,49.1,459.7,6.75,0.01,36.07,0,manufacturing
48.57,146.12,70.65,219.26,21.2,3174.88,3.84,54.12,25.59,54.88,639.25,9.57,0.03,40.51,0,manufacturing
50.65,110.76,103.07,231.19,15.29,1626.82,2.11,42.18,21.55,68.79,531.25,10.12,0.02,30.65,0,manufacturing
57.79,179.64,99.24,240.03,20.68,1337.48,2.43,41.19,29.69,69.35,623.1,11.3,0.02,32.39,0,manufacturing
52.38,130.78,61.35,234.41,14.95,2465.63,3.19,33.3,32.62,47.5,652.09,8.95,0.02,27.04,0,manufacturing
55.97,151.94,107.34,226.68,20.75,2615.09,3.52,38.27,36.94,65.46,658.73,14.94,0.03,36.99,0,manufacturing
62.8,126.95,119.16,231.86,18.87,1748.13,2.78,49.56,38.36,48.55,573.27,11.76,0.03,13.5,0,manufacturing
44.85,127.43,89.57,233.45,13.7,2358.97,2.34,49.65,40.21,63.46,694.7,14.89,0.03,17.83,0,manufacturing
47.36,147.39,63.08,230.06,12.45,2558.58,2.96,44.02,32.92,49.82,528.79,15.51,0.02,18.34,0,manufacturing
35.21,156.67,94.56,225.71,16.28,2139.43,2.63,46.11,17.14,45.44,489.66,15.55,0.01,23.45,0,manufacturing
37.49,134.08,74.34,239.32,23.22,2489.17,4.13,32.49,27.2,93.38,179.04,8.1,0.02,22.73,0,manufacturing
47.59,94.27,66.71,235.78,12.1,1796.84,2.86,38.59,23.45,38.92,355.99,7.72,0.02,34.44,0,manufacturing
72.74,136.06,91.64,219.31,20.48,2503.14,2.71,46.53,29.81,29.68,686.17,7.63,0.02,26.94,0,manufacturing
60.92,155.1,56.58,229.81,16.38,1972.28,3.48,51.21,38.2,78.69,701.81,9.48,0.03,32.08,0,manufacturing
57.55,129.99,85.36,223.62,11.89,2514.9,2.47,48.06,47.58,45.75,486.06,8.13,0.01,27.19,0,manufacturing
65.1,126.9,102.85,234.84,17.46,2009.83,1.92,45.83,17.66,41.88,538.46,9.48,0.02,44.54,0,manufacturing
46.92,142.88,76.84,230.03,18.29,2247.86,1.8,44.73,32.49,33.84,506.84,6.08,0.02,36.98,0,manufacturing
50.09,139.35,140.27,223.72,13.6,2072.79,4.27,52.94,33.53,54.74,642.74,8.59,0.04,23.7,0,manufacturing
51.24,121.75,108.46,223.46,15.96,2152.9,3.18,28.62,30.18,37.76,464.86,6.06,0.02,34.26,0,manufacturing
61.55,173.05,58.91,226.43,13.46,2531.09,2.56,34.39,41.26,53.77,496.61,8.88,0.01,12.61,0,manufacturing
66.22,110.54,104.57,224.51,15.84,2210.64,2.46,42.68,34.64,61.14,708.13,14.1,0.02,31.66,0,manufacturing
78.31,140.35,102.7,222.89,6.72,2569.5,2.21,44.54,22.78,62.63,661.37,8.08,0.02,23.62,0,manufacturing
59.08,141.39,86.48,240.49,21.77,1259.85,2.33,35.86,26.15,67.25,472.74,8.12,0.02,23.36,0,manufacturing
51.75,105.57,99.1,230.13,17.89,2050.29,2.57,50.71,21.08,48.46,508.11,10.17,0.03,31.51,0,manufacturing
46.95,121.91,119.26,233.65,14.85,1635.07,3.19,53.68,38.95,54.78,403.67,9.22,0.01,34.43,0,manufacturing
48.31,184.51,108.13,230.9,16.77,2771.14,3.19,34.81,29.97,67.87,368.86,9.63,0.02,31.1,0,manufacturing
47.81,122.84,105.72,233.38,15.21,1597.17,1.52,36.48,27.18,57.75,421.94,16.51,0.02,15.14,0,manufacturing
75.64,135.11,88.25,227.95,18.03,2144.43,1.32,41.84,29.44,59.44,906.48,6.06,0.03,29.04,0,manufacturing
46.62,134.9,62.97,226.82,21.83,1068.02,2.55,32.61,28.42,78.47,634.59,9.69,0.04,24.41,0,manufacturing
72.3,128.06,113.86,226.47,20.16,2031.3,3.25,31.78,24.01,39.43,433.47,9.07,0.02,24.48,0,manufacturing
61.74,76.88,97.51,238.28,21.78,1641.74,1.78,46.85,32.78,52.83,671.7,12.82,0.02,35.85,0,manufacturing
59.29,120.95,121.16,220.82,18.76,1697.4,2.82,48.58,32.69,34.92,458.48,9.52,0.01,33.64,0,manufacturing
54.0,158.16,76.78,225.22,18.04,2186.93,2.14,52.25,27.67,64.34,778.28,13.0,0.04,21.19,0,manufacturing
50.31,168.76,111.84,223.35,15.72,2282.24,3.15,58.44,32.93,23.61,251.3,18.38,0.03,36.78,0,manufacturing
43.45,93.7,111.47,231.72,30.0,2274.56,2.27,52.67,26.85,59.34,645.0,14.68,0.03,14.8,0,manufacturing
68.78,142.31,82.5,229.92,21.51,1562.51,2.19,51.4,27.83,42.37,629.55,13.76,0.01,28.32,0,manufacturing
75.26,180.13,89.05,221.28,11.14,2677.9,2.76,42.07,25.47,78.24,1005.91,12.38,0.02,28.03,0,manufacturing
40.57,151.6,98.14,238.16,22.45,2794.41,3.33,48.55,15.58,65.81,442.16,8.94,0.02,22.83,0,manufacturing
61.74,155.77,50.43,230.54,16.01,1984.47,2.88,20.0,47.27,48.37,768.05,8.89,0.02,24.75,0,manufacturing
66.38,116.44,89.67,224.44,20.43,3015.53,3.32,38.28,29.02,48.68,636.02,15.07,0.02,31.73,0,manufacturing
87.35,96.51,74.36,232.66,12.07,2301.69,2.74,48.28,21.96,46.23,649.97,11.32,0.02,29.11,0,manufacturing
56.43,128.48,98.52,233.87,22.62,2307.89,2.64,40.98,31.38,62.75,763.54,9.17,0.03,23.58,0,manufacturing
53.28,160.87,82.78,230.78,20.19,1784.32,3.32,38.3,33.73,77.14,597.46,12.05,0.02,29.58,0,manufacturing
64.85,138.33,65.08,219.87,16.45,1472.96,1.92,50.07,30.63,43.51,484.11,11.51,0.03,30.67,0,manufacturing
49.61,136.63,115.34,230.6,15.84,2218.47,2.27,45.4,37.87,62.94,675.94,13.98,0.03,21.47,0,manufacturing
50.31,116.23,115.48,223.25,13.71,2497.67,2.06,23.5,26.78,67.7,446.49,10.63,0.03,27.32,0,manufacturing
53.3,83.97,75.08,228.49,17.61,1639.71,2.95,43.43,30.92,65.2,619.43,7.71,0.03,23.29,0,manufacturing
44.13,105.86,86.64,240.17,20.6,2481.77,2.93,44.74,23.1,66.13,670.87,8.89,0.01,31.67,0,manufacturing
63.03,110.06,78.76,225.23,15.86,1308.64,2.28,40.87,13.58,58.35,546.53,10.81,0.04,29.59,0,manufacturing
67.93,82.12,87.14,224.69,16.07,2299.05,1.52,37.16,32.22,66.4,609.7,11.27,0.02,32.17,0,manufacturing
55.78,71.22,114.37,232.78,9.33,2107.28,3.02,60.76,33.29,48.63,496.28,10.3,0.03,42.23,0,manufacturing
65.66,175.53,82.53,229.54,19.45,2085.13,2.84,46.91,21.38,48.18,475.89,10.06,0.03,27.99,0,manufacturing
69.64,90.37,79.37,229.24,30.0,2556.81,4.38,50.74,14.72,52.73,429.43,12.45,0.03,27.02,0,manufacturing
64.23,147.3,71.5,213.62,22.78,2312.99,3.02,66.05,23.36,44.83,610.47,14.36,0.02,19.93,0,manufacturing
57.96,83.71,77.05,235.41,22.47,2964.85,3.13,50.12,27.69,49.35,332.04,10.77,0.01,30.92,0,manufacturing
65.93,131.32,108.87,238.26,17.95,2132.17,1.98,42.21,19.56,40.4,399.39,14.71,0.03,30.16,0,manufacturing
68.04,95.72,103.03,227.92,26.11,1864.94,4.61,34.77,14.89,63.01,377.51,6.62,0.03,16.46,0,manufacturing
71.96,120.4,101.39,232.89,16.21,2186.31,3.33,43.56,23.95,63.77,812.01,11.39,0.02,34.33,0,manufacturing
68.07,78.36,84.15,235.53,14.18,2588.45,2.83,39.96,28.47,33.96,715.79,13.51,0.03,43.12,0,manufacturing
47.88,120.6,121.23,223.83,14.3,2796.25,2.36,51.01,27.29,64.65,394.09,7.5,0.03,25.45,0,manufacturing
80.37,110.12,125.59,242.41,17.21,2268.9,3.36,61.3,29.45,30.88,474.49,4.23,0.03,34.7,0,manufacturing
70.51,140.08,101.72,237.11,14.83,2012.4,1.8,59.0,6.16,29.77,325.83,11.89,0.04,34.14,0,manufacturing
45.04,124.3,124.75,225.05,16.38,2288.71,2.74,32.35,13.14,63.47,832.27,13.41,0.03,27.41,0,manufacturing
51.48,149.53,107.15,234.02,17.32,2766.12,2.03,37.31,14.95,29.44,480.62,12.65,0.02,41.39,0,manufacturing
46.27,127.5,77.01,220.32,20.84,2703.97,1.62,44.23,46.67,49.86,506.42,6.77,0.03,25.06,0,manufacturing
83.03,115.34,117.89,234.3,18.85,2634.77,3.07,45.71,31.95,48.58,407.29,6.45,0.03,24.33,0,manufacturing
65.3,132.76,69.83,228.56,26.81,2053.83,3.21,48.39,25.88,71.02,502.4,12.61,0.03,19.12,0,manufacturing
53.23,105.94,97.34,232.34,17.85,3193.15,2.94,45.89,25.49,52.79,317.99,12.23,0.03,24.37,0,manufacturing
61.74,126.15,92.89,225.82,15.28,2658.96,3.54,44.97,24.17,60.62,677.5,8.25,0.02,31.81,0,manufacturing
58.44,108.27,117.1,225.35,12.63,1731.45,2.97,52.22,47.19,73.09,463.52,5.04,0.03,27.11,0,manufacturing
54.01,143.13,95.05,235.4,18.29,2321.29,3.47,43.93,42.74,63.33,686.58,14.97,0.04,27.63,0,manufacturing
48.84,134.98,107.95,233.54,18.89,2793.65,1.64,28.29,28.41,27.86,500.03,6.89,0.01,37.32,0,manufacturing
69.44,138.51,109.19,226.11,21.71,2175.17,3.2,46.61,36.82,65.01,276.12,13.51,0.02,31.19,0,manufacturing
72.5,119.77,76.41,244.66,19.43,2573.65,2.87,56.56,16.98,52.11,598.14,12.52,0.02,26.95,0,manufacturing
74.31,125.12,72.8,222.8,13.45,1914.06,2.34,51.05,26.55,78.09,682.84,11.33,0.03,38.39,0,manufacturing
55.17,119.99,77.58,229.03,18.86,1253.04,3.89,37.32,32.75,77.8,688.07,9.64,0.02,21.19,0,manufacturing
54.37,134.77,121.65,232.17,13.8,2594.7,3.01,44.78,24.73,74.45,591.3,11.73,0.01,14.91,0,manufacturing
48.59,153.54,101.45,218.0,20.84,2863.92,2.41,49.16,33.03,76.18,633.72,7.77,0.02,31.86,0,manufacturing
54.89,140.31,82.21,233.21,22.18,2841.78,2.28,61.34,25.02,42.04,528.46,9.78,0.01,20.33,0,manufacturing
70.8,170.96,113.38,241.8,21.05,2114.46,2.45,41.22,31.99,61.58,509.95,12.53,0.03,26.12,0,manufacturing
31.28,153.58,72.34,226.42,19.87,2772.37,2.42,57.6,38.94,50.33,425.14,8.42,0.03,19.58,0,manufacturing
68.06,154.9,74.35,227.61,24.74,1663.56,1.9,45.34,22.89,54.35,531.04,9.77,0.01,27.21,0,manufacturing
57.76,152.67,79.79,217.02,24.47,1628.53,3.49,39.71,23.56,53.39,462.65,10.71,0.01,29.01,0,manufacturing
54.7,116.15,97.74,228.61,20.09,2164.93,1.9,23.69,42.64,78.55,330.61,11.66,0.03,6.56,0,manufacturing
57.23,132.98,69.08,230.12,15.91,2707.88,1.76,29.05,29.68,52.61,468.09,8.34,0.04,27.12,0,manufacturing
46.43,161.45,103.3,224.79,13.71,1435.54,2.96,46.64,40.81,33.83,475.22,11.0,0.03,30.79,0,manufacturing
52.03,164.02,104.9,213.26,21.85,2312.65,2.14,45.71,19.27,49.74,178.51,11.54,0.03,28.64,0,manufacturing
52.21,117.05,74.4,226.64,17.44,2438.27,2.76,58.02,33.38,52.49,380.49,6.9,0.02,22.17,0,manufacturing
46.88,118.51,58.39,231.23,18.4,1744.39,1.62,43.19,22.19,31.15,386.81,9.74,0.03,28.55,0,manufacturing
66.41,190.14,88.44,242.87,13.08,1481.04,1.95,43.34,8.5,17.4,743.16,8.66,0.03,28.83,0,manufacturing
54.0,157.6,109.54,227.76,21.22,2370.89,2.85,39.7,32.68,33.57,425.54,18.44,0.03,28.65,0,manufacturing
49.7,138.43,80.58,233.58,17.16,1794.14,2.1,49.76,23.94,62.52,488.04,6.41,0.03,30.77,0,manufacturing
59.57,134.88,110.84,229.19,21.04,2265.27,1.99,28.17,25.17,54.35,584.16,10.08,0.02,23.86,0,manufacturing
51.45,135.57,78.33,228.53,16.53,2012.3,1.95,30.27,19.61,48.61,407.12,13.14,0.04,44.95,0,manufacturing
49.65,128.21,114.05,227.73,8.52,2379.94,3.48,49.34,22.07,41.99,528.17,11.14,0.02,24.41,0,manufacturing
62.41,124.56,144.68,237.9,19.31,1397.57,2.68,55.21,24.71,43.71,403.0,11.44,0.01,32.99,0,manufacturing
56.61,159.16,111.29,237.25,17.07,1507.11,3.82,26.01,25.09,64.89,322.78,14.09,0.02,42.61,0,manufacturing
39.53,110.05,97.64,216.17,16.93,2560.16,3.78,48.77,30.6,59.54,507.61,10.28,0.04,24.97,0,manufacturing
46.17,125.31,78.53,226.64,11.55,2393.96,3.33,46.18,29.66,59.2,124.84,12.57,0.03,33.3,0,manufacturing
72.92,124.94,111.01,232.5,12.76,2158.68,1.31,49.07,29.19,85.05,153.37,15.43,0.04,34.65,0,manufacturing
51.25,145.68,68.63,223.26,21.59,2321.49,2.4,47.11,23.78,71.16,249.37,6.0,0.01,12.19,0,manufacturing
61.47,121.48,110.07,232.47,15.05,2719.45,2.77,34.61,30.07,30.38,778.34,9.34,0.01,27.9,0,manufacturing
63.69,107.67,111.25,220.77,11.98,1562.07,2.9,44.09,21.82,62.85,887.41,9.46,0.03,16.91,0,manufacturing
43.62,116.55,72.63,222.51,13.85,1664.28,3.39,51.44,35.63,55.78,764.53,11.18,0.04,29.85,0,manufacturing
34.39,120.63,110.18,245.23,18.87,2663.21,2.64,47.0,29.08,71.46,519.28,6.98,0.02,34.51,0,manufacturing
53.44,155.36,81.54,239.78,19.79,2184.81,2.46,32.66,20.16,58.63,635.61,6.3,0.03,44.98,0,manufacturing
58.51,157.48,74.29,231.9,17.49,1846.77,3.06,40.92,17.85,43.88,560.88,14.63,0.03,29.43,0,manufacturing
59.44,118.78,70.23,225.24,26.73,2062.44,2.29,37.46,21.62,61.83,327.51,9.95,0.03,22.95,0,manufacturing
49.77,122.14,53.81,232.86,17.46,3241.02,2.7,55.74,24.86,67.4,676.69,10.62,0.01,21.45,0,manufacturing
58.83,106.49,72.67,231.15,17.43,2470.6,3.11,47.92,20.75,51.29,472.8,11.61,0.02,38.61,0,manufacturing
61.51,134.38,68.22,228.35,22.28,1869.35,2.08,35.03,33.27,49.54,540.15,8.89,0.03,29.43,0,manufacturing
62.68,163.84,87.86,225.46,12.99,2429.0,1.45,65.2,32.59,72.51,597.0,11.79,0.03,29.95,0,manufacturing
57.57,142.06,89.59,223.53,23.12,2704.26,2.66,41.2,20.64,52.74,575.39,15.15,0.01,24.81,0,manufacturing
64.18,127.83,122.03,236.38,15.54,1656.31,3.47,41.24,33.99,46.39,738.66,8.65,0.02,28.05,0,manufacturing
79.41,156.51,110.56,233.54,23.0,2382.91,2.27,49.36,32.43,33.85,796.46,8.16,0.02,20.26,0,manufacturing
70.55,205.01,91.2,225.79,21.64,1546.17,4.01,42.32,28.61,56.18,456.17,9.27,0.03,18.5,0,manufacturing
56.16,150.75,103.71,235.61,12.59,2267.78,3.31,51.49,27.51,65.99,979.31,6.64,0.03,26.1,0,manufacturing
61.57,158.23,80.3,231.63,21.21,2064.58,2.38,38.43,11.98,80.2,505.84,7.46,0.02,30.63,0,manufacturing
50.98,95.3,122.7,232.92,17.59,1944.15,2.37,39.44,27.09,54.95,381.53,7.03,0.02,18.79,0,manufacturing
60.44,113.67,69.98,230.14,14.6,810.76,2.94,55.26,26.32,58.57,475.51,10.05,0.03,19.6,0,manufacturing
49.05,98.73,54.99,234.59,17.93,1046.41,3.37,35.01,29.12,76.57,389.67,8.91,0.02,40.51,0,manufacturing
76.54,157.02,78.27,225.77,12.79,1838.76,3.61,43.6,37.89,26.68,588.6,9.67,0.03,18.94,0,manufacturing
69.19,132.52,74.12,227.72,13.29,2076.34,2.04,26.32,23.43,68.28,655.8,11.27,0.02,29.12,0,manufacturing
68.46,154.2,77.34,217.96,14.88,1944.02,1.04,52.81,21.03,79.11,454.72,10.4,0.02,22.62,0,manufacturing
49.35,111.27,76.42,222.36,13.78,2720.43,2.38,42.53,33.97,54.94,353.14,10.73,0.02,22.63,0,manufacturing
68.77,127.99,114.91,230.54,12.42,2147.69,1.23,56.78,30.79,58.31,875.32,6.65,0.02,24.25,0,manufacturing
48.42,126.53,87.92,226.07,16.05,1842.05,2.82,39.56,28.59,75.11,474.1,12.04,0.04,31.64,0,manufacturing
52.11,152.16,81.35,216.47,16.07,1997.72,2.13,39.18,34.18,55.22,934.26,17.22,0.01,15.05,0,manufacturing
59.98,143.75,74.4,227.95,13.42,2706.55,2.93,47.2,41.25,53.01,426.06,12.46,0.02,31.35,0,manufacturing
72.11,148.8,66.01,230.57,12.94,2444.71,1.63,42.07,25.66,47.61,442.93,13.73,0.01,20.83,0,manufacturing
72.38,162.62,40.39,223.19,23.25,1737.19,2.63,31.69,31.4,45.76,566.69,5.82,0.03,35.23,0,manufacturing
59.18,129.84,88.12,220.19,28.78,1767.69,3.73,39.97,29.23,54.92,557.95,11.16,0.03,30.63,0,manufacturing
56.88,125.53,102.82,223.66,23.09,3375.06,1.64,48.46,26.25,60.28,806.42,15.55,0.02,22.56,0,manufacturing
51.65,148.19,88.36,229.19,15.07,2239.63,2.58,62.71,28.99,49.48,667.45,10.95,0.01,33.43,0,manufacturing
66.35,173.5,111.18,231.28,18.26,2440.09,3.28,51.41,29.65,47.11,658.87,17.25,0.02,17.55,0,manufacturing
78.93,114.29,112.66,227.17,9.71,2583.23,2.55,55.1,35.49,34.37,525.06,5.51,0.02,26.24,0,manufacturing
58.99,157.0,99.08,229.0,15.28,2793.95,2.56,36.17,41.12,65.92,561.44,9.21,0.03,25.6,0,manufacturing
50.19,159.02,99.84,245.09,16.96,1962.35,1.6,59.26,28.19,58.34,469.87,12.03,0.02,34.5,0,manufacturing
72.79,124.1,123.62,235.66,8.89,1536.44,2.36,50.15,27.11,40.87,698.63,9.61,0.02,30.44,0,manufacturing
59.8,150.08,98.6,218.24,17.57,3139.75,0.5,37.44,20.35,51.89,738.54,8.89,0.02,22.69,0,manufacturing
61.35,107.49,96.83,214.92,22.01,2543.95,2.93,55.11,30.48,34.35,573.8,10.93,0.01,32.57,0,manufacturing
58.16,107.44,110.64,227.36,16.02,2141.67,2.13,46.7,41.76,67.49,695.49,11.07,0.02,31.21,0,manufacturing
41.65,95.03,94.23,226.8,14.86,2346.03,2.44,45.86,23.97,43.01,607.26,8.95,0.03,24.09,0,manufacturing
51.34,187.21,68.86,227.61,22.92,2155.46,3.46,42.86,20.16,40.39,623.82,7.05,0.04,17.69,0,manufacturing
57.91,113.36,87.69,232.26,22.73,1705.38,3.85,53.36,26.64,45.19,182.92,9.7,0.02,34.85,0,manufacturing
70.66,122.28,120.03,233.71,22.69,1757.53,2.78,52.92,35.39,56.69,505.33,13.61,0.03,29.57,0,manufacturing
37.3,137.39,107.08,226.54,12.82,1923.08,2.08,49.81,23.69,36.05,486.8,14.21,0.02,24.38,0,manufacturing
46.19,104.44,83.78,232.17,14.1,1798.67,0.77,45.97,25.7,67.6,528.43,10.47,0.03,30.18,0,manufacturing
42.08,142.68,74.9,233.61,11.86,2321.9,1.77,45.91,20.91,56.55,556.13,12.0,0.02,27.66,0,manufacturing
65.44,115.75,107.31,225.25,18.02,1453.41,2.83,24.96,40.74,45.44,573.33,9.6,0.03,40.09,0,manufacturing
50.95,149.97,83.83,242.74,20.04,1728.21,3.07,36.42,29.58,58.37,524.0,15.2,0.02,16.67,0,manufacturing
66.73,130.0,103.46,225.05,14.54,2747.28,4.36,39.8,14.31,52.9,560.32,13.72,0.03,36.18,0,manufacturing
31.5,126.35,108.51,233.82,13.56,2399.7,1.93,36.54,31.94,58.0,409.05,7.94,0.04,34.24,0,manufacturing
58.23,139.23,107.15,225.93,12.73,1109.3,3.57,45.88,22.22,44.04,403.66,9.58,0.01,22.63,0,manufacturing
63.61,134.89,106.75,223.69,23.13,1742.03,4.56,47.91,39.83,69.57,685.77,12.19,0.02,25.5,0,manufacturing
50.47,137.28,88.25,226.4,17.37,1495.36,3.56,47.02,24.71,39.96,347.05,8.87,0.02,32.86,0,manufacturing
44.69,159.45,108.2,233.17,19.37,1907.09,3.24,46.93,25.04,47.15,436.04,7.5,0.04,28.34,0,manufacturing
50.79,176.0,107.88,216.13,15.93,2629.67,2.15,41.13,27.06,20.25,419.33,15.07,0.04,27.22,0,manufacturing
58.86,175.15,84.62,224.69,20.32,2244.48,2.53,42.77,27.51,24.2,834.12,7.27,0.02,32.56,0,manufacturing
67.09,133.1,91.91,223.11,21.08,2403.31,3.06,57.89,39.99,71.55,226.37,9.72,0.01,32.16,0,manufacturing
52.1,93.35,103.18,221.48,18.88,2742.56,2.18,46.59,35.99,41.83,573.01,8.13,0.01,37.93,0,manufacturing
55.3,128.87,108.54,236.29,22.44,2307.28,2.59,46.13,17.67,53.29,722.58,11.56,0.02,50.0,0,manufacturing
53.22,133.99,117.89,223.73,14.2,1505.78,1.92,40.05,20.6,67.04,890.26,6.0,0.03,33.54,0,manufacturing
61.64,153.91,130.22,217.57,13.15,2468.11,3.09,53.7,19.42,68.44,438.45,16.25,0.01,26.22,0,manufacturing
36.38,130.7,99.63,231.05,14.17,3310.31,2.1,55.04,27.37,69.6,327.98,13.78,0.02,33.52,0,manufacturing
65.32,114.9,86.49,230.59,18.88,1458.67,3.33,59.0,23.37,49.23,530.35,6.47,0.03,13.74,0,manufacturing
71.13,168.03,75.18,233.47,23.57,2738.96,2.9,49.71,32.52,61.79,478.81,11.21,0.02,25.09,0,manufacturing
39.43,149.22,76.15,225.91,14.84,3075.88,3.06,36.74,23.44,55.88,714.67,12.51,0.02,36.69,0,manufacturing
68.5,115.71,73.26,223.67,18.43,2124.47,3.88,36.0,27.6,32.73,640.51,2.65,0.01,31.24,0,manufacturing
51.85,139.3,90.98,233.97,10.28,2392.36,2.68,44.64,23.69,53.21,722.74,12.36,0.02,16.74,0,manufacturing
50.17,125.86,110.2,230.32,13.35,2108.05,3.4,43.19,19.74,56.38,468.09,5.68,0.02,36.68,0,manufacturing
66.52,130.35,77.72,227.74,17.31,2449.15,2.16,41.83,26.35,62.54,699.55,10.21,0.02,24.92,0,manufacturing
81.29,112.86,72.23,229.45,20.63,2347.79,2.7,47.13,18.25,31.76,359.06,8.74,0.04,23.97,0,manufacturing
70.6,160.41,100.65,226.51,14.69,2107.09,3.14,40.19,35.84,36.95,501.45,9.83,0.03,38.6,0,manufacturing
38.64,137.11,97.85,221.44,11.14,2284.34,3.03,35.94,34.61,49.42,693.93,10.73,0.03,21.33,0,manufacturing
48.69,106.09,97.59,231.35,14.04,1800.15,3.89,52.96,10.83,58.06,239.45,13.43,0.02,26.27,0,manufacturing
66.99,157.02,99.29,221.54,17.32,2890.15,2.55,48.34,28.5,43.71,283.85,10.21,0.04,36.12,0,manufacturing
66.48,108.73,74.01,238.16,21.29,2533.52,2.31,48.5,14.24,29.99,578.16,9.44,0.02,24.48,0,manufacturing
65.78,150.57,74.67,225.35,18.4,2373.12,2.05,42.18,24.08,64.41,491.42,4.99,0.02,33.03,0,manufacturing
77.63,171.14,86.37,233.76,12.94,1511.47,1.87,41.17,37.77,55.03,695.42,4.02,0.03,38.97,0,manufacturing
45.6,117.19,67.05,224.79,13.14,2112.81,3.4,31.41,23.71,43.03,610.35,16.13,0.03,30.42,0,manufacturing
50.47,136.84,74.71,228.49,17.79,2470.02,2.04,36.2,40.35,52.99,492.68,5.28,0.03,33.1,0,manufacturing
67.85,131.77,90.03,233.54,23.58,2478.6,2.48,51.86,23.58,42.96,580.45,2.91,0.02,42.08,0,manufacturing
69.54,131.8,85.4,228.74,15.8,1806.81,2.44,42.2,22.49,26.1,558.74,10.25,0.04,31.32,0,manufacturing
44.23,169.57,45.68,235.19,24.44,2154.15,2.24,36.81,29.41,71.95,186.65,13.18,0.03,34.43,0,manufacturing
38.88,100.54,70.29,236.82,26.91,1733.17,3.18,27.46,36.71,62.52,631.7,16.18,0.03,14.95,0,manufacturing
61.65,124.8,90.07,241.06,11.52,2457.29,2.32,43.3,31.24,70.61,480.73,12.35,0.02,28.24,0,manufacturing
49.64,148.64,134.95,226.2,14.69,1792.74,2.13,30.62,14.51,27.61,944.55,11.72,0.03,23.96,0,manufacturing
66.06,138.87,89.83,223.41,14.43,2026.83,2.4,42.82,19.15,54.44,390.65,12.77,0.02,28.05,0,manufacturing
49.74,148.51,104.5,221.37,16.22,2380.87,1.91,38.88,28.29,57.75,328.78,9.56,0.02,31.0,0,manufacturing
66.82,134.09,70.9,226.98,19.74,2200.52,2.45,38.09,24.22,49.38,570.92,10.13,0.03,23.47,0,manufacturing
69.75,157.53,111.91,228.0,9.94,2221.16,2.86,53.13,19.13,38.91,589.86,11.2,0.0,31.85,0,manufacturing
51.34,123.77,100.34,237.92,8.81,2956.97,3.33,30.25,24.54,74.97,561.37,8.39,0.01,27.88,0,manufacturing
48.78,93.96,118.03,233.18,26.81,2013.88,2.82,37.62,41.86,54.12,273.54,13.97,0.02,26.71,0,manufacturing
62.51,90.17,81.52,242.64,10.75,2852.57,2.93,48.9,30.68,68.39,706.93,7.98,0.02,25.57,0,manufacturing
58.64,145.95,90.61,222.63,28.85,1977.16,3.3,42.39,44.84,41.13,470.4,4.87,0.03,12.92,0,manufacturing
67.5,138.05,92.86,233.04,23.3,2849.43,4.08,46.72,25.44,68.56,585.38,11.42,0.02,24.45,0,manufacturing
74.49,164.08,81.89,219.84,18.57,2649.35,2.52,40.03,36.5,54.88,824.68,6.82,0.03,19.5,0,manufacturing
76.5,125.22,100.38,236.76,13.99,2033.04,2.95,46.55,19.01,70.59,759.67,10.19,0.02,28.32,0,manufacturing
56.31,155.15,94.92,237.87,21.2,2671.32,2.43,54.8,29.75,45.8,700.98,7.48,0.04,24.22,0,manufacturing
51.09,134.6,102.17,230.02,22.65,2068.69,0.51,54.11,25.3,50.92,388.35,12.22,0.03,27.68,0,manufacturing
49.73,166.59,84.52,231.18,21.31,2301.46,2.88,46.7,31.75,57.86,332.8,12.52,0.03,11.96,0,manufacturing
61.97,134.82,132.1,226.86,23.83,2209.39,2.57,35.33,25.05,65.29,518.41,7.86,0.01,25.38,0,manufacturing
68.46,128.44,84.29,225.93,15.3,1447.39,2.23,43.47,16.72,27.53,527.96,13.55,0.04,16.46,0,manufacturing
53.2,173.12,77.89,231.19,7.55,1790.78,2.37,49.51,29.9,64.56,303.86,10.73,0.03,31.27,0,manufacturing
50.67,132.89,73.56,237.16,12.26,3049.24,4.23,34.18,30.36,79.21,553.9,11.29,0.03,25.91,0,manufacturing
63.23,168.91,123.31,213.1,21.92,2171.36,1.72,26.57,29.9,38.53,583.61,8.75,0.02,35.97,0,manufacturing
63.17,129.24,80.27,230.81,10.97,2082.53,1.73,56.06,31.02,77.24,617.12,16.5,0.03,35.42,0,manufacturing
72.27,145.37,125.55,223.75,17.61,2714.69,3.34,37.02,26.72,54.92,556.95,9.76,0.04,38.04,0,manufacturing
51.82,100.61,61.96,230.51,17.47,2132.08,2.25,59.21,27.71,67.31,805.86,2.53,0.03,24.02,0,manufacturing
56.32,122.18,96.33,224.17,8.29,2162.07,0.72,45.95,32.73,46.34,632.34,14.13,0.03,23.69,0,manufacturing
57.86,129.76,91.01,228.13,25.49,2201.09,2.86,40.05,29.19,60.86,541.93,12.71,0.04,28.72,0,manufacturing
59.68,143.25,81.49,233.48,24.89,3186.3,2.02,42.29,40.8,20.1,510.45,5.53,0.02,21.92,0,manufacturing
72.39,125.32,90.79,231.26,14.19,1602.78,2.86,42.34,14.9,68.46,356.6,10.24,0.0,23.59,0,manufacturing
62.77,108.28,69.92,222.34,20.37,2678.29,1.68,61.89,35.04,48.8,230.71,6.99,0.02,21.99,0,manufacturing
70.66,139.91,94.66,229.01,17.4,2110.46,2.34,46.89,29.61,57.91,757.73,9.44,0.02,23.78,0,manufacturing
71.99,131.16,95.31,226.07,18.93,1586.54,3.02,38.56,30.3,47.69,694.08,6.61,0.03,35.7,0,manufacturing
60.88,152.73,130.99,224.55,17.76,2123.73,2.35,37.39,20.55,52.6,533.99,10.5,0.02,30.0,0,manufacturing
67.06,119.07,66.19,222.77,21.55,2406.4,2.08,45.64,14.48,39.24,691.45,7.73,0.03,34.97,0,manufacturing
78.61,124.04,104.39,229.86,18.56,2870.82,2.01,36.3,37.61,53.18,627.76,9.06,0.02,5.0,0,manufacturing
40.2,135.3,116.45,216.45,17.03,2281.56,3.57,40.13,30.43,67.05,294.76,14.22,0.02,40.49,0,manufacturing
45.12,132.04,67.75,225.36,24.22,2997.02,3.25,47.01,36.35,56.07,614.93,11.43,0.02,28.04,0,manufacturing
46.71,107.07,69.3,224.28,18.02,2317.49,2.32,40.71,29.96,27.95,518.12,9.77,0.03,20.11,0,manufacturing
59.19,102.08,104.93,219.37,14.82,1758.8,2.82,45.85,40.6,52.61,678.56,11.35,0.03,25.58,0,manufacturing
61.88,177.91,82.71,231.69,13.85,2225.62,3.06,57.59,22.58,68.06,709.64,3.86,0.01,41.4,0,manufacturing
44.06,141.2,90.61,232.43,15.75,2267.14,3.51,56.1,27.61,57.4,595.59,13.39,0.02,36.27,0,manufacturing
66.41,75.41,63.8,236.27,19.93,2106.11,3.04,43.95,17.84,63.49,605.64,12.92,0.02,27.56,0,manufacturing
47.93,156.53,78.14,234.4,16.03,2590.93,2.71,32.27,33.03,66.83,498.3,7.87,0.02,28.04,0,manufacturing
71.01,172.98,58.6,225.77,20.99,2141.38,4.51,48.55,35.17,83.83,417.21,9.26,0.02,27.17,0,manufacturing
72.11,138.63,84.44,241.01,14.25,1602.64,2.22,52.3,37.15,59.6,541.24,12.52,0.02,5.0,0,manufacturing
53.15,126.97,106.67,221.23,7.67,2549.59,3.56,46.78,28.28,47.55,504.4,14.27,0.02,25.08,0,manufacturing
52.41,188.56,77.34,227.14,13.54,1013.01,3.08,48.5,39.68,68.38,524.07,8.01,0.03,26.74,0,manufacturing
65.29,128.18,69.01,228.36,13.11,1598.84,2.1,54.75,26.24,65.95,558.33,8.04,0.02,20.59,0,manufacturing
63.57,126.77,95.17,228.07,11.06,1909.64,3.89,45.33,17.96,42.82,600.4,15.23,0.01,32.42,0,manufacturing
45.3,137.71,84.31,229.96,19.13,1708.72,3.47,32.29,36.81,62.5,390.14,7.16,0.02,29.07,0,manufacturing
57.69,143.81,107.74,224.23,21.72,2223.32,1.83,42.92,22.7,58.21,601.84,11.67,0.02,20.99,0,manufacturing
57.34,112.74,70.81,227.29,14.86,2082.07,2.86,36.75,25.39,44.4,645.29,7.22,0.03,24.72,0,manufacturing
50.49,141.23,79.4,248.78,19.3,2930.21,2.82,42.73,21.69,48.11,698.32,14.31,0.03,35.31,0,manufacturing
60.48,134.92,86.05,230.15,18.0,2189.15,3.37,29.54,20.05,35.23,553.5,11.1,0.02,17.27,0,manufacturing
45.07,190.52,93.06,232.38,16.68,2485.91,2.24,34.62,23.15,29.04,685.56,15.03,0.02,26.93,0,manufacturing
59.13,128.0,73.18,228.1,14.47,1831.01,2.93,33.7,30.29,35.75,488.66,15.14,0.03,28.84,0,manufacturing
74.13,205.16,87.14,233.26,20.58,1779.18,2.94,49.53,36.11,32.3,847.86,11.13,0.02,23.17,0,manufacturing
49.47,82.94,82.54,235.53,19.89,1839.34,2.18,49.18,23.25,51.68,327.3,11.52,0.02,23.71,0,manufacturing
67.25,176.35,91.15,243.25,10.95,1445.89,3.37,46.56,30.71,42.1,394.05,7.07,0.02,49.18,0,manufacturing
56.02,98.96,109.08,232.12,23.28,2043.12,1.51,35.54,35.2,44.27,337.98,2.57,0.03,20.33,0,manufacturing
56.93,102.82,100.53,235.24,21.23,1038.18,1.16,44.3,31.33,61.55,715.77,11.51,0.03,36.63,0,manufacturing
56.4,100.04,91.66,217.67,14.76,1588.01,2.5,39.1,24.82,63.54,782.4,11.74,0.03,22.2,0,manufacturing
59.44,167.27,100.81,239.66,21.23,2118.71,2.38,33.21,27.55,15.75,486.87,12.32,0.02,30.62,0,manufacturing
55.21,200.96,85.28,223.87,15.22,1585.83,2.37,34.44,18.01,74.22,569.48,10.86,0.02,13.25,0,manufacturing
70.01,133.69,91.71,239.25,24.8,2656.78,2.99,47.37,8.83,66.33,465.99,14.99,0.03,24.42,0,manufacturing
48.23,142.98,102.84,223.0,17.83,1970.64,3.01,51.22,38.74,66.25,736.93,6.41,0.03,28.97,0,manufacturing
62.68,110.07,109.4,226.39,20.49,2264.48,2.76,48.58,30.42,56.99,621.09,8.79,0.02,31.38,0,manufacturing
46.79,151.65,79.73,229.14,19.92,1348.87,3.56,49.4,30.49,43.13,507.52,12.51,0.03,23.62,0,manufacturing
63.93,118.96,92.57,239.54,18.37,2725.23,2.35,43.21,26.23,69.5,407.66,10.8,0.03,30.95,0,manufacturing
45.66,99.88,95.22,229.81,17.53,3086.81,4.81,47.42,32.92,67.98,517.9,10.51,0.01,25.41,0,manufacturing
59.72,131.31,98.08,246.25,22.52,2209.03,1.49,49.98,14.56,73.07,568.59,11.32,0.03,28.22,0,manufacturing
53.59,109.67,76.03,240.58,19.53,1672.3,2.6,50.25,26.33,54.96,540.93,3.6,0.03,16.5,0,manufacturing
51.22,152.66,64.89,233.51,20.14,2545.66,2.94,49.74,35.11,60.86,721.31,11.44,0.03,38.5,0,manufacturing
53.94,131.74,69.43,229.06,21.81,2458.86,3.54,62.33,16.66,54.32,477.75,11.46,0.03,24.57,0,manufacturing
53.7,153.9,98.21,218.56,19.6,2965.26,2.69,27.77,37.79,66.85,541.95,8.91,0.02,34.29,0,manufacturing
59.48,137.02,126.77,234.6,23.95,1785.35,3.51,40.04,19.19,61.52,641.44,11.42,0.02,33.25,0,manufacturing
55.26,151.84,106.75,228.37,18.66,2596.21,2.96,46.62,24.07,47.03,502.48,12.66,0.02,17.86,0,manufacturing
48.52,161.54,130.26,218.72,17.05,2296.09,2.19,58.46,28.61,35.07,514.55,14.8,0.03,16.3,0,manufacturing
62.53,162.24,112.83,233.74,14.56,1646.29,2.45,36.14,16.06,62.29,518.75,13.12,0.03,36.02,0,manufacturing
56.68,164.32,85.6,232.39,10.06,2728.68,2.36,33.6,33.66,55.51,600.92,10.0,0.02,27.84,0,manufacturing
63.54,108.05,88.41,232.78,15.09,3246.54,1.17,55.66,29.03,54.37,537.45,13.83,0.03,27.92,0,manufacturing
55.4,163.85,88.59,234.66,20.16,2305.12,4.5,46.43,25.3,87.01,331.73,15.1,0.03,19.24,0,manufacturing
62.88,152.21,102.09,237.21,16.78,1707.24,1.28,54.06,23.05,75.39,439.84,10.2,0.02,18.21,0,manufacturing
75.13,149.64,80.16,230.11,22.58,1904.23,2.65,58.23,29.15,82.58,337.73,9.75,0.02,30.08,0,manufacturing
56.33,82.61,54.77,240.59,17.38,2558.46,1.85,61.89,41.39,58.73,685.82,16.53,0.01,20.49,0,manufacturing
68.33,140.07,66.84,222.35,11.7,2338.03,2.98,46.17,29.54,78.29,395.47,10.27,0.02,30.19,0,manufacturing
40.02,120.01,77.35,231.21,18.1,2299.24,3.38,34.46,33.15,62.68,512.69,8.35,0.02,29.43,0,manufacturing
58.32,118.9,89.5,229.6,21.17,2238.95,2.64,45.2,31.16,40.08,396.82,12.44,0.02,26.94,0,manufacturing
64.27,131.62,93.31,222.24,18.9,1617.71,2.33,46.45,33.86,58.48,586.68,9.61,0.04,23.14,0,manufacturing
66.36,81.81,91.93,229.63,23.99,2497.47,2.53,44.7,26.71,45.19,601.52,9.68,0.04,25.82,0,manufacturing
62.12,119.68,106.23,229.49,25.54,2135.31,3.11,46.33,30.26,44.33,716.23,11.71,0.02,34.48,0,manufacturing
50.05,138.38,103.62,239.92,22.89,2667.55,2.26,62.96,26.61,64.01,499.08,14.81,0.04,36.31,0,manufacturing
84.12,174.07,97.28,225.72,18.6,2021.01,3.16,64.39,23.84,47.49,441.61,9.08,0.02,27.4,0,manufacturing
57.54,143.96,97.2,229.35,17.66,2581.29,3.08,52.36,29.64,55.4,627.32,13.73,0.03,26.72,0,manufacturing
55.34,141.62,66.32,237.79,18.15,1520.09,2.86,38.04,26.15,69.0,404.08,13.55,0.03,26.92,0,manufacturing
58.77,125.38,102.3,221.12,13.86,1614.99,1.99,48.55,34.29,68.45,873.03,12.09,0.02,17.29,0,manufacturing
62.0,155.97,67.98,227.67,17.94,2907.27,2.56,47.73,25.64,60.92,237.3,14.64,0.03,23.6,0,manufacturing
67.62,98.71,108.67,235.87,21.06,1718.66,2.75,41.83,19.62,87.88,573.51,11.05,0.03,32.47,0,manufacturing
61.64,140.58,111.32,229.19,17.95,2282.15,2.15,44.83,29.23,86.5,619.08,9.99,0.03,25.36,0,manufacturing
65.49,121.02,85.87,220.31,12.63,2564.22,2.79,55.18,30.59,53.07,626.04,14.45,0.02,28.22,0,manufacturing
73.8,168.55,67.3,234.13,12.54,2393.29,2.33,40.05,32.38,63.21,574.79,5.66,0.03,27.53,0,manufacturing
56.42,123.14,72.57,221.19,18.83,2841.82,2.58,20.14,24.82,57.34,530.38,9.65,0.02,22.17,0,manufacturing
78.86,163.63,113.24,225.39,13.16,2537.87,3.93,42.77,25.33,45.59,647.28,12.57,0.03,31.08,0,manufacturing
60.05,119.66,110.03,238.96,19.6,2007.32,2.82,37.85,29.78,58.38,826.22,14.45,0.02,31.83,0,manufacturing
46.65,126.59,98.56,243.47,17.77,1906.12,2.71,35.07,24.7,92.5,698.06,14.03,0.02,13.54,0,manufacturing
60.42,143.04,110.35,227.74,24.28,2460.68,2.4,47.32,24.76,48.11,290.52,7.0,0.02,26.26,0,manufacturing
69.96,135.91,81.47,229.97,14.29,2808.83,2.17,34.2,21.87,23.07,764.57,15.64,0.02,17.2,0,manufacturing
73.85,124.51,78.27,223.04,18.89,3089.33,3.51,55.41,32.81,49.26,315.92,11.52,0.04,24.75,0,manufacturing
49.01,101.76,93.27,234.69,22.28,1733.96,3.23,38.61,16.21,54.53,536.84,13.18,0.02,24.17,0,manufacturing
67.48,142.03,119.98,212.13,16.84,2811.56,2.83,50.07,32.53,83.12,611.39,15.17,0.03,28.3,0,manufacturing
70.55,149.91,91.8,231.2,15.98,1763.88,2.77,54.28,20.87,48.3,552.07,15.11,0.02,27.47,0,manufacturing
66.64,98.48,101.0,241.24,20.56,800.0,4.0,46.69,20.86,37.66,838.8,2.29,0.04,21.67,0,manufacturing
44.43,122.86,120.43,224.11,26.07,3169.24,3.57,28.04,31.53,37.6,559.48,11.58,0.02,40.91,0,manufacturing
62.5,112.08,106.01,230.11,8.27,1803.18,2.24,36.07,23.43,53.28,563.7,13.76,0.02,38.33,0,manufacturing
47.56,105.2,90.81,236.57,18.21,2238.35,2.76,48.39,21.99,43.38,467.55,13.14,0.03,34.6,0,manufacturing
60.0,101.18,124.9,244.61,15.37,2208.9,2.63,45.13,21.1,67.76,786.7,7.3,0.03,34.21,0,manufacturing
43.45,138.24,79.2,241.41,13.91,1991.89,2.63,48.95,26.24,30.84,437.51,12.03,0.04,21.57,0,manufacturing
39.69,126.55,93.16,229.01,22.42,1921.86,2.99,46.04,29.69,43.0,464.36,6.6,0.04,20.64,0,manufacturing
62.61,151.69,90.06,228.05,19.59,2789.22,3.62,56.14,11.97,30.8,435.85,6.7,0.03,34.61,0,manufacturing
67.31,119.67,95.39,231.49,20.6,2469.9,1.86,41.35,38.34,36.99,490.37,10.26,0.04,42.05,0,manufacturing
37.7,105.1,91.44,230.93,19.07,2844.16,2.63,44.98,33.16,88.94,540.8,11.11,0.02,38.64,0,manufacturing
36.77,154.31,62.41,238.48,10.83,2084.24,2.92,54.61,31.71,71.73,492.46,9.07,0.03,26.84,0,manufacturing
66.36,134.0,48.8,235.61,16.69,3113.04,2.78,29.36,33.72,52.56,726.12,9.62,0.02,22.96,0,manufacturing
68.74,108.11,70.83,222.22,25.78,2439.56,1.5,39.46,29.51,62.96,382.85,15.77,0.02,29.97,0,manufacturing
50.54,110.76,81.61,219.71,7.21,2279.71,3.28,35.35,30.18,53.55,470.2,14.25,0.03,40.55,0,manufacturing
72.75,132.47,109.56,230.9,16.25,1911.56,3.29,48.25,25.3,46.33,216.6,7.98,0.03,34.4,0,manufacturing
67.16,132.87,123.48,241.64,17.46,1523.11,4.07,44.87,30.23,49.07,470.38,7.99,0.01,20.91,0,manufacturing
54.85,188.98,119.76,231.55,16.47,2095.55,3.06,31.17,21.16,18.88,261.94,16.41,0.03,27.09,0,manufacturing
71.47,73.03,82.25,231.16,19.4,2999.88,3.45,57.66,30.75,46.6,930.05,9.71,0.03,30.19,0,manufacturing
61.01,133.41,75.3,228.98,13.23,1953.74,1.38,49.62,43.46,25.51,913.74,11.8,0.03,31.23,0,manufacturing
56.16,81.63,119.01,238.39,24.71,2067.54,3.46,36.8,14.72,40.23,712.72,7.09,0.03,25.31,0,manufacturing
69.82,134.86,104.98,224.69,17.8,2931.38,2.23,51.12,33.79,40.86,304.83,14.4,0.0,20.17,0,manufacturing
60.22,131.7,74.25,241.46,20.69,2475.05,3.39,43.06,19.57,58.19,423.85,4.0,0.02,10.97,0,manufacturing
47.53,154.48,70.7,226.02,16.92,2016.01,3.0,45.06,24.54,70.82,779.83,9.69,0.02,19.96,0,manufacturing
55.88,133.71,78.82,227.82,16.88,2345.31,2.88,44.08,25.8,54.09,627.09,10.08,0.03,32.28,0,manufacturing
53.75,143.39,90.14,229.79,17.2,2265.23,2.4,38.2,39.32,52.94,472.86,10.82,0.03,29.67,0,manufacturing
70.46,113.85,51.87,236.12,12.58,1886.88,2.62,56.83,24.51,78.23,208.91,12.02,0.02,27.83,0,manufacturing
51.57,123.75,74.04,220.88,20.96,2083.38,2.17,52.79,39.04,60.04,521.3,7.27,0.03,32.47,0,manufacturing
49.57,126.54,64.25,227.37,19.08,3100.07,2.29,48.92,25.79,48.78,781.92,6.35,0.04,19.16,0,manufacturing
56.89,145.69,128.35,222.39,15.66,2102.72,1.98,38.52,40.06,69.79,472.56,4.63,0.02,26.98,0,manufacturing
54.56,168.19,73.97,224.93,24.55,1991.23,2.33,60.77,35.48,79.7,345.68,13.97,0.02,22.45,0,manufacturing
46.87,135.55,97.87,227.02,12.06,2279.53,2.34,43.1,36.63,53.73,375.92,7.73,0.02,10.64,0,manufacturing
66.88,150.07,124.52,225.67,17.16,2153.47,4.41,43.58,27.67,10.0,651.55,13.82,0.02,32.97,0,manufacturing
59.33,117.86,41.9,232.08,23.08,1832.22,1.87,58.66,19.7,43.98,461.83,9.68,0.02,36.97,0,manufacturing
54.44,146.41,88.44,228.44,14.12,2350.38,3.67,50.81,35.69,37.73,331.68,14.0,0.02,38.24,0,manufacturing
54.14,131.29,57.81,219.11,16.96,1864.19,2.98,51.88,28.18,38.66,491.77,10.03,0.02,32.82,0,manufacturing
51.5,173.87,97.29,226.21,17.22,2717.07,2.88,45.17,35.64,62.79,720.5,4.38,0.04,17.36,0,manufacturing
45.79,129.2,84.33,229.21,21.41,2521.61,2.74,38.8,32.96,54.81,604.55,6.09,0.02,25.43,0,manufacturing
52.08,104.96,147.22,230.45,18.68,1864.89,2.65,34.74,39.72,43.98,762.91,9.56,0.02,38.17,0,manufacturing
63.3,125.97,104.13,224.11,12.51,2468.18,2.55,43.61,35.4,57.07,615.75,8.6,0.02,21.18,0,manufacturing
71.79,166.79,77.83,224.57,11.28,2283.76,2.91,58.77,31.01,50.76,898.47,6.85,0.04,36.42,0,manufacturing
34.26,128.69,81.68,225.77,22.91,1751.47,2.14,54.47,31.29,76.71,521.27,14.63,0.02,48.38,0,manufacturing
45.91,113.62,68.4,231.18,14.92,2832.56,2.8,32.9,30.2,64.6,187.7,8.88,0.03,30.99,0,manufacturing
70.5,174.79,127.59,231.18,16.42,2474.43,2.04,36.23,30.94,41.3,639.37,8.38,0.03,25.48,0,manufacturing
69.43,113.03,90.26,247.04,13.4,1844.26,3.28,32.1,25.85,42.38,432.52,9.21,0.02,38.62,0,manufacturing
56.43,133.03,115.97,230.25,22.34,2954.02,4.09,50.53,17.28,56.27,598.68,9.05,0.02,26.17,0,manufacturing
66.56,129.54,88.2,232.92,22.07,1799.53,1.7,44.03,17.43,45.87,753.62,12.56,0.02,44.28,0,manufacturing
50.13,157.47,76.43,236.5,18.12,2959.96,2.09,54.92,32.75,76.05,569.95,12.4,0.01,24.24,0,manufacturing
75.78,141.1,91.28,223.8,18.76,1745.39,2.6,45.85,39.64,56.66,564.88,9.57,0.05,31.64,0,manufacturing
68.51,143.57,107.74,229.11,17.5,2092.73,2.6,42.43,33.88,68.92,565.57,13.39,0.02,27.79,0,manufacturing
49.03,146.45,95.41,226.25,19.77,2347.67,2.43,48.27,33.52,50.2,606.44,9.75,0.03,23.06,0,manufacturing
59.29,111.8,81.64,223.27,11.11,2489.14,2.97,48.24,30.75,66.66,440.71,4.61,0.03,37.58,0,manufacturing
69.77,133.51,114.64,219.84,18.41,1947.08,4.95,39.85,12.68,78.7,438.59,11.36,0.02,22.87,0,manufacturing
35.97,111.96,78.87,226.71,18.2,1836.06,2.9,47.57,39.28,10.0,394.75,9.9,0.03,33.08,0,manufacturing
82.23,128.19,91.22,231.43,23.37,2026.14,1.57,35.62,20.09,57.67,792.82,19.98,0.02,29.43,0,manufacturing
53.07,141.88,101.74,231.97,18.72,2869.35,3.22,50.13,28.25,49.05,631.07,9.54,0.04,21.82,0,manufacturing
53.42,170.06,60.89,243.69,14.68,2323.09,3.54,60.31,16.2,61.12,513.66,11.78,0.03,37.11,0,manufacturing
48.91,81.75,128.26,229.6,18.03,2150.71,2.24,45.52,21.54,51.67,504.64,8.66,0.04,31.65,0,manufacturing
70.31,104.97,73.89,230.92,17.09,2846.69,1.87,58.66,34.66,68.06,545.04,10.46,0.02,27.87,0,manufacturing
72.22,134.32,106.58,226.68,16.48,2123.01,3.07,56.46,48.26,53.2,303.88,7.65,0.01,27.8,0,manufacturing
64.15,139.47,71.69,227.97,17.44,2391.18,2.97,34.48,28.79,26.8,422.8,9.55,0.02,39.16,0,manufacturing
67.47,143.3,96.09,223.4,16.67,2257.78,1.21,56.74,31.3,31.65,516.16,13.08,0.04,30.04,0,manufacturing
41.91,136.08,91.75,237.47,19.84,2629.03,4.0,45.68,22.66,54.96,498.37,11.19,0.03,34.41,0,manufacturing
67.95,139.44,105.71,229.38,13.15,2178.66,2.06,36.57,42.4,42.47,443.47,13.62,0.02,18.04,0,manufacturing
49.52,109.08,68.89,236.63,20.97,2643.29,4.43,40.81,23.38,71.47,535.83,10.2,0.03,27.9,0,manufacturing
64.63,118.69,114.58,233.46,15.86,2688.54,2.61,44.8,32.63,59.29,721.2,15.82,0.03,17.99,0,manufacturing
42.11,124.59,105.7,237.33,14.62,2199.86,2.02,59.68,25.87,82.85,597.0,12.91,0.02,42.84,0,manufacturing
47.93,64.7,123.89,230.93,16.26,1814.54,2.3,55.29,39.1,79.02,774.03,10.29,0.03,50.0,0,manufacturing
57.19,210.0,135.03,230.23,14.02,1487.09,3.72,37.54,45.44,78.43,618.13,14.77,0.03,22.79,0,manufacturing
80.3,151.83,113.04,233.56,17.5,1987.07,2.55,52.63,22.03,63.45,593.97,9.95,0.04,26.79,0,manufacturing
61.47,199.76,101.19,212.31,14.64,2188.41,2.95,50.01,28.24,46.11,340.9,12.22,0.03,29.24,0,manufacturing
65.42,165.72,121.11,239.73,18.9,1551.17,2.11,25.56,30.32,45.18,390.65,13.97,0.03,23.37,0,manufacturing
37.26,125.69,80.15,228.99,20.44,1885.76,3.16,47.56,40.81,55.45,537.94,5.2,0.01,17.02,0,manufacturing
47.64,128.2,127.4,219.53,19.91,2309.56,1.9,36.46,15.33,65.84,640.03,10.69,0.02,22.11,0,manufacturing
56.84,120.79,99.31,231.42,11.33,1902.01,1.83,41.64,25.13,52.02,629.43,9.4,0.03,25.97,0,manufacturing
51.75,145.83,76.82,230.75,15.17,2111.35,2.91,54.06,29.35,37.76,677.35,8.7,0.03,39.54,0,manufacturing
43.92,103.32,111.12,230.67,20.72,1715.82,3.01,44.92,15.82,49.02,553.19,5.48,0.02,18.15,0,manufacturing
68.69,141.18,116.74,239.07,21.92,2429.99,2.78,44.93,22.72,44.23,698.65,15.13,0.03,25.67,0,manufacturing
65.01,138.65,137.89,237.36,12.82,2743.18,3.38,38.82,14.62,52.11,388.68,8.84,0.03,43.43,0,manufacturing
48.58,112.94,84.97,234.95,10.5,2432.44,3.33,43.73,28.12,52.95,363.71,9.02,0.03,38.25,0,manufacturing
58.97,101.26,92.54,226.29,21.19,2826.2,2.76,39.61,32.65,67.08,598.17,15.32,0.03,19.77,0,manufacturing
60.65,139.52,97.83,220.19,19.26,1989.02,3.25,32.25,22.54,13.45,683.35,12.4,0.03,29.02,0,manufacturing
80.58,130.07,108.16,238.88,16.33,1958.0,3.36,45.5,19.04,49.54,643.41,17.01,0.04,32.66,0,manufacturing
51.2,110.8,59.7,234.28,16.45,2279.38,2.65,45.56,20.79,70.89,632.6,11.94,0.03,27.93,0,manufacturing
52.15,126.23,134.95,236.7,10.12,2391.66,2.67,39.89,32.76,51.34,607.56,12.81,0.03,26.14,0,manufacturing
52.72,106.4,104.07,239.62,14.87,2359.33,3.04,43.27,43.87,53.51,403.16,9.45,0.02,26.36,0,manufacturing
51.38,166.23,93.44,239.66,17.17,2036.3,4.15,35.36,40.16,51.38,511.83,2.15,0.03,30.84,0,manufacturing
47.98,120.88,93.54,226.22,17.36,1623.95,3.68,40.45,30.18,60.63,897.95,9.55,0.02,29.87,0,manufacturing
55.54,123.26,63.14,250.0,17.63,2575.43,2.53,42.35,15.83,59.1,353.09,8.8,0.03,33.39,0,manufacturing
60.07,121.73,108.14,228.58,21.49,2217.92,2.52,48.76,27.16,66.12,364.52,10.79,0.02,32.35,0,manufacturing
56.78,118.08,94.04,229.33,22.7,1914.64,3.45,38.54,18.49,56.38,482.25,10.65,0.02,23.73,0,manufacturing
46.4,158.53,104.59,223.09,21.29,1843.19,2.26,40.24,32.91,38.61,421.82,13.66,0.01,31.89,0,manufacturing
66.59,134.7,69.43,226.28,19.1,2419.67,1.32,52.47,30.7,69.1,377.12,12.91,0.04,34.55,0,manufacturing
61.9,169.49,102.21,228.99,20.26,2374.93,2.53,43.8,28.01,19.75,643.64,13.18,0.02,20.64,0,manufacturing
45.45,95.56,86.76,230.89,21.57,2138.54,3.37,42.85,32.0,55.17,605.99,15.8,0.04,29.9,0,manufacturing
65.06,117.81,67.3,227.84,17.3,2585.48,1.58,42.79,25.75,70.99,661.32,13.76,0.02,27.94,0,manufacturing
84.36,145.29,74.6,227.7,7.77,1631.0,2.52,45.46,41.17,75.99,801.72,10.46,0.04,50.0,0,manufacturing
73.73,135.04,116.24,235.17,15.81,1866.92,3.1,40.91,17.13,62.17,769.62,9.75,0.02,36.37,0,manufacturing
45.75,120.48,77.13,233.53,10.45,1882.52,2.75,43.28,27.73,51.25,680.86,6.08,0.03,28.89,0,manufacturing
60.25,121.33,91.87,232.51,15.81,1931.9,1.78,39.82,19.97,40.65,293.8,6.63,0.02,29.45,0,manufacturing
79.39,98.97,71.08,234.84,28.29,2505.95,1.65,53.18,15.13,44.69,619.28,7.74,0.03,25.46,0,manufacturing
55.86,110.66,65.76,226.24,15.31,3181.72,2.02,49.96,24.36,59.55,473.85,9.15,0.03,32.53,0,manufacturing
69.94,174.75,99.63,229.4,11.86,1831.92,1.76,41.82,25.83,48.81,380.91,12.11,0.01,25.18,0,manufacturing
61.42,95.87,86.1,242.97,17.1,1400.58,2.97,41.84,39.96,67.24,716.97,9.95,0.02,32.39,0,manufacturing
68.94,143.86,90.19,230.39,13.95,2330.12,4.24,34.61,37.46,50.96,504.56,9.11,0.03,39.78,0,manufacturing
25.0,117.7,79.84,220.8,19.44,2959.07,3.38,51.48,26.7,47.82,516.85,9.5,0.01,15.56,0,manufacturing
49.1,144.15,125.46,230.51,17.55,1744.93,2.87,32.22,30.34,36.6,358.78,14.18,0.02,19.39,0,manufacturing
76.01,130.75,96.4,229.7,20.33,1882.0,3.39,41.32,25.15,60.06,781.7,15.01,0.03,19.8,0,manufacturing
50.48,147.33,106.98,244.85,18.75,1851.45,1.65,58.11,18.58,62.0,261.2,8.68,0.03,7.31,0,manufacturing
67.89,115.61,63.04,231.49,13.41,2252.87,3.73,48.74,33.77,44.3,562.39,14.24,0.02,30.58,0,manufacturing
62.11,82.21,88.59,219.91,18.6,1518.15,3.92,37.0,35.16,70.33,639.25,15.95,0.01,36.21,0,manufacturing
54.0,155.18,68.28,233.6,21.67,1770.38,2.81,41.93,26.8,50.92,1024.0,7.4,0.03,31.48,0,manufacturing
68.33,156.61,81.98,217.61,15.68,2575.06,2.69,61.66,35.88,59.8,656.46,5.29,0.03,36.26,0,manufacturing
39.65,121.06,110.02,229.07,14.67,2817.56,2.05,30.99,21.35,37.4,686.65,13.2,0.02,35.4,0,manufacturing
52.99,111.7,119.24,225.34,14.44,1851.51,2.67,58.45,16.5,40.24,405.64,8.99,0.02,25.71,0,manufacturing
62.46,154.04,107.88,229.53,22.84,2605.87,2.58,38.34,21.36,57.88,345.14,5.93,0.02,36.23,0,manufacturing
46.2,114.3,85.11,232.22,18.42,1747.09,3.95,48.23,29.29,55.75,570.35,11.48,0.02,37.65,0,manufacturing
62.91,170.74,71.08,226.51,22.21,2026.9,4.35,43.85,18.74,71.95,443.98,10.36,0.03,19.17,0,manufacturing
47.46,122.69,69.75,239.26,19.02,1571.24,3.49,36.73,28.2,42.45,382.98,11.17,0.02,41.41,0,manufacturing
53.77,116.66,81.56,229.09,12.97,2654.92,2.01,34.23,30.62,59.68,613.52,11.85,0.03,28.45,0,manufacturing
46.96,127.51,90.57,229.9,14.48,1750.17,2.66,44.44,20.81,69.2,384.22,6.08,0.01,25.87,0,manufacturing
52.04,142.66,106.18,234.59,11.72,1939.53,2.46,41.56,18.49,55.66,547.4,12.48,0.04,32.97,0,manufacturing
59.04,134.31,55.98,225.18,22.9,2404.45,2.76,50.01,36.09,49.52,588.68,5.81,0.04,25.45,0,manufacturing
36.19,156.16,56.21,230.24,23.81,2948.63,1.12,32.47,37.11,39.86,589.57,14.72,0.02,22.34,0,manufacturing
69.52,185.5,60.19,228.03,18.54,2617.82,2.54,56.37,26.0,70.22,491.62,7.71,0.04,20.91,0,chemical_facility
71.58,179.16,75.68,226.62,15.55,2289.93,1.86,42.82,31.12,53.78,537.94,11.45,0.03,26.43,0,chemical_facility
82.53,184.81,92.64,233.15,13.32,1444.85,4.62,46.9,37.26,48.6,478.46,9.08,0.03,21.36,0,chemical_facility
66.41,130.82,88.63,231.36,14.24,2867.31,2.7,32.66,20.97,79.2,214.72,9.0,0.02,42.56,0,chemical_facility
80.61,107.57,99.79,226.3,18.56,2051.78,2.51,33.42,44.07,61.61,456.77,13.63,0.03,26.37,0,chemical_facility
92.0,167.32,107.08,228.63,20.63,1365.3,1.29,49.78,29.01,20.03,562.68,6.97,0.04,32.99,0,chemical_facility
73.83,168.0,88.04,227.38,20.51,1885.1,2.4,48.47,21.51,20.73,620.75,2.58,0.02,38.41,0,chemical_facility
67.24,162.66,110.4,231.15,18.82,2640.19,2.04,30.1,37.49,65.74,329.31,10.67,0.03,24.48,0,chemical_facility
71.83,155.19,121.12,224.01,16.77,2201.43,3.74,48.57,33.33,42.51,751.03,10.5,0.04,8.21,0,chemical_facility
76.98,137.88,100.56,230.37,12.0,2086.53,2.82,46.3,28.98,79.65,762.56,9.72,0.02,21.33,0,chemical_facility
63.91,112.12,131.71,230.42,19.54,1771.39,2.13,37.31,22.65,45.66,467.88,7.23,0.02,16.34,0,chemical_facility
68.2,168.15,102.39,229.22,15.29,2343.44,3.19,47.35,33.11,69.74,731.26,6.42,0.04,18.94,0,chemical_facility
88.86,178.23,84.42,240.31,14.32,2449.69,2.76,57.72,31.4,58.51,518.43,10.39,0.02,39.68,0,chemical_facility
73.1,166.04,71.37,229.59,19.63,1977.37,3.28,36.96,46.85,64.05,471.87,16.31,0.03,31.11,0,chemical_facility
77.85,172.61,98.94,224.0,20.57,2558.17,4.1,40.98,17.41,70.4,336.67,7.8,0.02,25.97,0,chemical_facility
65.04,171.67,78.42,227.59,7.73,1924.32,3.66,50.78,21.95,57.85,505.48,13.6,0.03,43.78,0,chemical_facility
64.71,210.15,92.99,222.45,19.17,1767.84,2.63,46.16,26.44,72.49,572.47,11.22,0.03,26.92,0,chemical_facility
73.82,188.6,87.41,228.74,24.4,1394.9,2.36,42.41,23.33,23.16,466.52,7.91,0.03,24.87,0,chemical_facility
89.04,159.83,111.23,233.18,20.13,3105.91,1.84,36.81,28.04,67.98,430.61,12.7,0.02,31.04,0,chemical_facility
70.74,138.94,81.06,229.91,24.59,2467.33,2.12,57.48,28.04,77.9,360.72,13.23,0.02,14.49,0,chemical_facility
69.65,145.13,124.58,222.66,23.6,2063.07,3.01,44.24,21.15,38.99,709.16,6.08,0.03,28.23,0,chemical_facility
87.01,157.28,116.96,231.3,17.85,3046.31,2.06,26.94,29.14,44.34,243.43,12.17,0.02,26.79,0,chemical_facility
87.75,150.22,115.36,222.68,16.57,2668.65,2.92,43.75,19.47,63.03,724.62,13.73,0.03,25.7,0,chemical_facility
82.85,203.49,96.74,235.38,15.69,2449.03,2.0,46.66,27.5,39.91,541.34,12.56,0.03,30.07,0,chemical_facility
96.49,177.28,87.62,235.27,17.93,2758.12,3.99,47.26,28.31,41.14,698.96,9.43,0.03,36.72,0,chemical_facility
89.12,183.47,114.78,228.57,20.63,1512.38,2.13,32.12,23.7,70.8,350.16,10.98,0.02,35.93,0,chemical_facility
76.68,164.82,105.97,228.45,19.07,1512.64,3.91,35.16,29.44,60.23,491.25,14.99,0.03,27.57,0,chemical_facility
69.25,140.09,104.55,234.35,17.17,2402.7,1.79,62.22,20.68,63.06,540.81,11.21,0.02,33.76,0,chemical_facility
86.77,162.54,84.23,224.94,25.03,2851.89,2.13,44.32,24.6,62.01,646.68,7.62,0.02,22.83,0,chemical_facility
51.27,132.94,76.21,218.9,18.13,1871.29,3.0,55.05,28.12,56.53,754.34,12.46,0.03,26.87,0,chemical_facility
87.99,174.18,107.04,226.64,13.93,2212.58,3.34,47.57,30.06,36.49,440.54,12.18,0.03,20.97,0,chemical_facility
75.72,200.52,96.5,229.69,17.14,2487.31,3.19,55.86,18.36,35.29,358.36,9.49,0.02,17.19,0,chemical_facility
79.69,202.99,89.55,233.09,16.73,2148.96,2.37,58.77,26.41,56.68,587.08,9.96,0.03,20.24,0,chemical_facility
69.81,219.89,97.86,222.58,10.42,2183.79,2.87,53.19,43.85,37.02,882.12,8.87,0.02,17.0,0,chemical_facility
72.11,153.26,55.78,240.68,18.5,2569.18,3.68,34.66,31.47,68.26,341.61,7.15,0.03,44.18,0,chemical_facility
82.74,147.43,95.22,230.45,18.93,2340.2,2.78,53.02,36.7,48.74,636.62,9.61,0.02,29.71,0,chemical_facility
71.83,174.09,101.5,240.73,18.77,2180.51,2.04,38.43,34.39,48.12,487.56,11.13,0.03,31.9,0,chemical_facility
69.49,180.02,103.97,217.58,20.77,2674.23,3.08,37.66,24.88,73.3,392.34,12.59,0.04,29.45,0,chemical_facility
88.19,181.2,82.32,222.6,17.13,2110.31,2.78,47.76,27.0,78.12,305.8,9.55,0.01,32.21,0,chemical_facility
56.67,145.78,107.85,218.19,16.59,2000.74,2.34,24.38,30.96,54.96,580.87,14.53,0.01,29.52,0,chemical_facility
62.05,153.93,80.08,230.01,25.1,1819.15,1.72,54.07,20.09,43.49,616.75,11.0,0.02,18.73,0,chemical_facility
74.33,129.79,93.64,238.14,25.16,1855.12,3.35,48.64,26.64,72.21,399.39,10.05,0.04,22.1,0,chemical_facility
71.83,190.79,82.02,227.98,23.0,1488.48,1.9,50.79,26.48,49.14,747.58,16.79,0.04,24.58,0,chemical_facility
67.8,218.43,93.85,218.67,18.89,2165.42,3.34,61.49,26.47,52.76,584.42,11.73,0.04,23.85,0,chemical_facility
89.2,166.21,78.64,225.31,18.17,2127.29,2.38,40.04,18.62,32.07,639.71,17.46,0.04,32.46,0,chemical_facility
73.29,176.15,68.93,236.77,19.78,1573.32,2.47,37.71,32.56,72.4,814.16,8.82,0.02,40.62,0,chemical_facility
76.75,204.75,74.97,228.08,20.18,1457.38,3.43,43.66,32.64,16.4,655.42,20.0,0.02,25.76,0,chemical_facility
76.68,157.68,112.48,217.56,18.96,2545.27,1.67,42.43,19.66,59.84,694.54,13.89,0.02,27.0,0,chemical_facility
78.48,199.61,93.51,229.7,16.66,2791.9,2.01,40.91,33.33,44.18,518.68,11.71,0.03,26.78,0,chemical_facility
67.41,159.18,97.41,234.35,14.06,2237.33,2.9,33.78,32.9,66.34,585.21,6.22,0.03,12.1,0,chemical_facility
98.52,184.64,75.76,231.57,13.95,1685.45,2.6,63.62,30.01,49.92,482.3,9.41,0.02,29.56,0,chemical_facility
78.53,168.83,85.68,228.3,18.88,2635.15,1.6,52.91,19.86,49.56,364.47,8.26,0.03,29.07,0,chemical_facility
57.52,174.11,99.98,224.83,11.37,2817.76,4.18,42.07,37.64,68.28,616.41,11.98,0.03,18.74,0,chemical_facility
91.56,156.57,89.41,241.65,15.33,1506.66,2.11,22.43,17.98,58.99,590.05,18.09,0.04,33.01,0,chemical_facility
81.13,198.33,53.16,228.96,16.67,2890.1,3.69,36.92,14.93,51.57,451.94,11.29,0.03,29.25,0,chemical_facility
73.67,114.59,109.97,228.49,22.24,1522.26,3.26,29.13,20.72,74.92,587.68,2.53,0.04,32.11,0,chemical_facility
82.41,119.25,97.46,242.07,9.0,2981.35,3.05,50.19,27.92,63.5,955.46,15.48,0.02,35.02,0,chemical_facility
90.62,187.91,93.53,221.12,23.08,1676.96,2.94,51.46,28.3,51.75,486.02,7.63,0.02,32.2,0,chemical_facility
63.45,211.18,102.63,220.91,14.88,1388.87,1.9,56.31,18.22,59.35,86.69,12.76,0.03,22.16,0,chemical_facility
81.95,173.72,96.78,225.33,12.42,2280.05,2.23,40.11,25.09,54.93,570.72,6.96,0.02,33.32,0,chemical_facility
66.05,210.2,50.47,214.94,27.33,2440.86,1.81,43.83,27.24,63.09,325.97,10.48,0.02,28.13,0,chemical_facility
68.4,166.09,47.29,222.64,13.66,1860.65,2.6,46.2,27.24,52.79,485.32,10.97,0.02,24.33,0,chemical_facility
84.8,194.85,84.64,228.31,13.53,2289.58,2.58,24.87,11.56,60.12,292.52,10.38,0.03,30.19,0,chemical_facility
71.61,183.81,72.88,235.09,19.96,2057.09,3.27,47.09,30.97,52.62,490.34,7.81,0.02,37.62,0,chemical_facility
70.85,153.69,115.88,238.75,25.01,2202.3,2.71,48.57,27.5,30.47,623.43,9.27,0.01,29.21,0,chemical_facility
68.72,184.44,73.05,232.79,16.42,1649.93,2.51,42.71,29.38,73.46,598.85,13.55,0.03,15.67,0,chemical_facility
76.51,147.66,101.63,226.1,29.39,1792.51,3.51,29.92,21.27,52.65,681.54,8.97,0.01,32.74,0,chemical_facility
68.52,205.98,89.02,221.61,12.29,1656.26,1.96,34.0,29.9,35.6,491.27,14.96,0.02,14.99,0,chemical_facility
75.31,232.41,108.99,234.35,26.16,1976.05,3.35,36.65,22.63,81.32,435.42,6.65,0.01,21.94,0,chemical_facility
86.4,148.89,92.56,231.1,12.25,2629.98,2.94,41.45,26.55,68.05,447.08,12.68,0.04,17.32,0,chemical_facility
81.11,149.44,75.97,231.13,21.01,2860.68,1.3,40.64,21.91,64.07,276.51,9.14,0.02,26.67,0,chemical_facility
70.96,192.44,109.48,224.02,16.17,2480.77,0.96,31.11,21.86,79.48,612.51,7.0,0.03,23.3,0,chemical_facility
86.77,160.54,134.41,235.55,26.39,2489.87,3.44,39.34,39.11,53.16,637.15,7.25,0.03,32.46,0,chemical_facility
78.07,133.33,92.81,236.1,22.48,2382.51,2.45,45.83,32.3,61.43,493.66,16.59,0.03,25.43,0,chemical_facility
93.18,156.15,82.17,229.01,18.18,1949.48,1.86,51.55,27.62,50.54,676.4,8.34,0.03,19.92,0,chemical_facility
77.13,157.22,81.53,232.64,9.73,2872.07,2.13,48.14,35.79,47.87,516.24,11.81,0.04,18.05,0,chemical_facility
91.75,160.4,113.33,213.69,22.19,2740.24,3.36,41.35,22.61,31.58,692.05,11.55,0.03,32.35,0,chemical_facility
72.23,154.57,91.15,238.4,27.18,1834.41,3.3,41.13,13.92,44.29,426.62,7.88,0.01,8.76,0,chemical_facility
66.97,130.4,94.85,227.82,20.52,2615.8,1.77,42.0,25.05,36.55,558.04,15.11,0.0,37.41,0,chemical_facility
81.21,133.52,43.18,232.09,17.12,3205.67,3.44,39.17,39.71,39.08,538.62,15.92,0.02,9.69,0,chemical_facility
76.85,174.77,80.13,220.02,15.88,2309.08,2.32,41.01,28.72,49.63,688.54,6.93,0.04,29.15,0,chemical_facility
79.6,165.42,119.22,233.32,23.6,1966.18,3.81,54.03,32.85,59.56,536.36,7.67,0.03,36.53,0,chemical_facility
76.77,181.09,88.35,225.97,17.9,2155.85,2.15,52.44,31.4,26.92,506.32,10.3,0.04,27.64,0,chemical_facility
68.73,179.29,47.79,222.49,15.32,2487.79,2.8,52.64,25.46,35.63,440.55,10.26,0.02,30.48,0,chemical_facility
63.91,181.94,75.64,242.22,16.21,2212.21,2.6,32.69,20.67,54.55,440.05,5.56,0.03,37.88,0,chemical_facility
78.14,175.01,79.78,221.79,13.17,2681.41,3.62,45.54,19.13,70.29,628.71,8.67,0.03,36.12,0,chemical_facility
82.96,176.45,130.42,240.44,17.5,2823.68,2.81,38.36,32.22,58.34,623.4,10.25,0.03,28.29,0,chemical_facility
66.57,186.53,94.59,228.04,16.63,2739.33,2.05,38.53,29.18,67.54,490.56,10.66,0.02,27.28,0,chemical_facility
80.19,204.77,82.4,224.44,24.48,1773.9,1.8,38.75,30.72,52.51,294.57,14.96,0.02,41.47,0,chemical_facility
76.7,214.22,61.25,239.07,21.57,2503.13,3.64,32.65,27.97,59.22,526.02,11.72,0.03,34.92,0,chemical_facility
85.79,159.36,92.95,237.22,12.13,1817.01,3.33,30.23,31.83,64.07,425.51,14.83,0.02,29.65,0,chemical_facility
82.49,143.41,105.38,230.02,15.57,2118.61,3.22,44.43,30.06,69.3,510.9,10.99,0.03,19.18,0,chemical_facility
85.01,211.34,70.09,227.54,14.96,2130.98,1.98,43.73,23.92,46.08,449.69,5.56,0.04,25.71,0,chemical_facility
81.37,194.88,119.1,223.62,13.73,2035.73,2.11,36.04,30.31,45.62,680.53,12.16,0.03,40.18,0,chemical_facility
72.6,218.99,40.45,217.42,24.57,2003.57,3.0,49.52,11.21,54.6,587.54,7.52,0.02,27.02,0,chemical_facility
64.69,180.61,72.5,221.07,21.6,2756.15,2.31,45.63,27.95,73.63,640.22,13.56,0.01,22.91,0,chemical_facility
63.27,140.43,81.03,236.93,14.02,2045.86,2.2,30.06,24.0,58.82,548.84,7.19,0.02,34.42,0,chemical_facility
79.72,170.78,88.83,236.61,13.72,2235.34,3.62,70.0,28.67,61.69,622.67,15.95,0.03,25.02,0,chemical_facility
77.05,150.23,105.21,219.86,15.91,2375.46,2.44,40.93,26.15,57.65,450.86,10.82,0.03,24.62,0,chemical_facility
57.79,176.67,107.45,229.0,17.58,2235.32,3.27,33.41,20.12,61.5,803.02,14.41,0.01,31.18,0,chemical_facility
73.7,165.62,113.68,232.43,15.98,2115.63,2.89,52.35,13.31,53.13,450.19,14.16,0.03,21.63,0,chemical_facility
85.51,202.78,110.8,236.14,19.07,2436.76,3.37,46.11,33.32,48.54,678.09,13.36,0.03,19.42,0,chemical_facility
97.87,159.9,67.29,225.66,20.04,2319.35,2.67,36.02,23.16,22.26,697.03,15.96,0.03,33.63,0,chemical_facility
62.49,162.58,145.81,227.35,18.5,1064.26,2.7,36.41,20.81,61.72,432.55,16.53,0.03,16.02,0,chemical_facility
84.32,146.65,83.28,226.21,20.17,1990.62,0.82,50.06,32.87,64.53,741.22,7.84,0.02,28.5,0,chemical_facility
89.64,145.84,49.84,220.96,21.59,3371.83,2.45,41.47,30.5,46.15,526.45,13.41,0.04,21.19,0,chemical_facility
72.93,149.1,109.33,232.35,14.81,2253.54,3.51,40.59,20.08,40.65,682.6,13.92,0.01,29.41,0,chemical_facility
75.45,160.61,88.2,229.81,23.02,2577.57,4.05,37.11,19.72,40.9,614.76,7.61,0.03,19.9,0,chemical_facility
79.43,180.33,74.74,233.91,18.83,2363.82,1.0,55.24,13.86,39.18,579.27,4.62,0.03,30.17,0,chemical_facility
102.24,139.33,65.34,226.36,17.98,2209.79,3.12,34.71,39.39,60.48,617.94,10.95,0.04,33.47,0,chemical_facility
76.87,144.24,75.89,227.34,21.27,2865.35,2.48,49.22,17.34,32.43,744.63,7.79,0.02,21.7,0,chemical_facility
66.62,182.91,58.55,235.47,16.46,2447.54,2.93,42.7,21.64,61.79,533.99,13.19,0.03,24.37,0,chemical_facility
81.55,186.47,51.51,242.35,14.76,2600.79,3.07,29.37,32.08,63.44,149.1,6.42,0.02,23.57,0,chemical_facility
85.81,223.48,84.87,226.44,19.53,1394.95,3.1,36.05,24.7,71.49,382.82,8.85,0.01,31.33,0,chemical_facility
82.52,208.53,84.22,235.48,13.83,2040.47,3.22,38.17,19.09,38.12,377.84,4.95,0.01,30.97,0,chemical_facility
65.9,191.05,90.15,222.53,16.61,1957.56,3.54,42.73,28.37,61.39,583.07,9.18,0.03,22.32,0,chemical_facility
75.18,176.5,91.67,223.31,16.42,2526.02,3.76,33.84,24.21,56.61,678.11,12.47,0.03,14.95,0,chemical_facility
68.48,160.64,51.25,231.14,15.26,2130.85,2.95,37.88,12.6,38.8,484.0,7.88,0.02,25.48,0,chemical_facility
59.78,205.95,83.2,231.82,22.04,3549.68,2.59,59.03,36.5,41.59,158.12,7.87,0.02,25.05,0,chemical_facility
61.04,214.2,66.26,220.77,9.55,1998.19,2.34,45.36,19.69,74.0,584.84,7.98,0.04,25.06,0,chemical_facility
105.55,180.32,56.73,231.6,17.37,2214.1,2.12,40.52,25.3,45.46,470.31,10.62,0.03,25.89,0,chemical_facility
91.78,137.86,105.7,213.75,11.93,2413.73,2.2,42.38,27.85,60.46,321.07,16.79,0.02,38.4,0,chemical_facility
64.05,171.82,91.35,230.98,19.5,2763.43,2.59,21.0,41.24,58.87,574.17,7.64,0.01,13.23,0,chemical_facility
74.18,218.85,92.68,216.8,25.43,1342.0,3.06,39.04,29.62,42.64,489.78,16.31,0.01,28.45,0,chemical_facility
67.42,181.07,80.45,229.84,13.25,2895.31,2.49,66.82,31.06,47.45,596.31,10.26,0.03,24.39,0,chemical_facility
76.12,232.77,61.3,219.63,21.15,1927.26,1.5,63.15,11.53,61.68,499.73,4.41,0.02,48.18,0,chemical_facility
77.76,160.08,76.36,223.33,14.84,2262.79,2.2,44.02,26.51,74.12,489.64,5.94,0.01,32.48,0,chemical_facility
75.59,156.41,78.09,227.3,18.06,1575.06,3.3,56.07,48.64,69.76,704.77,8.71,0.03,14.27,0,chemical_facility
66.74,132.08,74.3,235.58,16.9,2246.92,2.42,46.31,29.93,63.82,439.72,8.76,0.04,23.85,0,chemical_facility
78.44,196.04,90.49,225.71,17.09,1759.97,2.43,40.59,28.79,48.21,463.84,6.02,0.01,21.26,0,chemical_facility
76.96,148.47,118.77,224.27,18.4,1831.37,0.84,42.1,15.06,40.32,521.88,7.91,0.03,29.23,0,chemical_facility
84.02,163.35,47.0,235.19,16.76,2957.97,3.55,39.97,19.2,62.01,695.27,7.78,0.02,35.65,0,chemical_facility
82.29,145.01,59.47,240.81,7.4,2583.74,2.7,35.83,21.32,47.1,328.5,12.74,0.03,19.29,0,chemical_facility
73.85,184.81,111.6,214.54,8.38,1698.31,3.22,34.88,25.43,71.75,665.06,13.0,0.03,21.83,0,chemical_facility
76.01,168.43,116.09,235.89,14.4,1791.81,4.17,54.62,22.85,65.9,715.29,10.29,0.02,13.46,0,chemical_facility
47.9,201.55,110.87,230.36,13.22,2383.59,2.23,35.65,40.29,47.36,703.55,6.59,0.03,47.06,0,chemical_facility
74.19,154.59,80.92,236.21,13.07,2476.98,2.65,56.42,25.8,67.32,439.8,9.62,0.02,28.94,0,chemical_facility
83.35,160.31,73.54,237.54,16.2,2195.3,2.48,43.82,37.94,31.62,463.58,8.16,0.01,28.54,0,chemical_facility
82.36,169.3,102.51,241.05,16.69,2313.46,3.14,40.03,26.72,64.23,416.81,9.67,0.02,36.84,0,chemical_facility
89.37,201.64,83.42,225.04,16.93,2060.36,4.08,32.09,29.35,73.16,584.57,12.74,0.02,19.17,0,chemical_facility
83.05,193.97,119.69,231.92,16.61,1213.33,2.27,51.17,28.05,66.15,343.36,6.98,0.03,33.44,0,chemical_facility
61.64,185.03,103.91,238.62,14.43,2066.3,2.33,53.38,14.07,67.6,379.97,9.82,0.02,23.43,0,chemical_facility
63.33,169.39,82.42,232.63,15.6,3600.0,3.69,59.83,21.51,49.64,521.08,9.01,0.03,31.24,0,chemical_facility
66.55,157.4,83.98,232.0,18.99,1227.36,3.13,46.68,24.97,55.41,526.93,8.03,0.02,25.47,0,chemical_facility
85.2,177.02,84.49,232.34,21.95,2210.52,1.52,55.32,39.49,50.92,674.53,12.69,0.01,42.36,0,chemical_facility
77.75,128.89,72.93,223.34,20.01,2664.55,2.11,49.45,31.06,54.33,574.41,7.4,0.04,19.31,0,chemical_facility
78.37,169.61,89.83,232.78,29.27,1922.84,2.19,45.82,26.99,38.77,676.59,11.59,0.03,24.95,0,chemical_facility
68.36,183.13,107.14,238.9,20.43,1778.54,3.08,49.57,19.2,65.38,708.52,11.51,0.03,27.01,0,chemical_facility
73.44,142.23,63.89,234.59,18.33,1496.08,2.38,33.31,12.87,77.57,496.78,6.64,0.02,23.86,0,chemical_facility
70.73,110.64,102.71,231.85,12.89,2263.2,2.73,24.38,41.0,52.63,215.61,12.83,0.02,28.36,0,chemical_facility
74.63,194.69,120.07,219.41,12.42,2379.62,2.59,44.48,21.18,34.13,493.38,2.84,0.02,22.78,0,chemical_facility
110.0,157.68,108.04,232.62,21.58,2270.94,4.0,24.95,29.48,70.6,338.93,10.08,0.02,32.87,0,chemical_facility
94.47,152.5,72.46,242.3,9.94,2824.92,2.64,49.85,23.52,70.76,497.4,11.43,0.02,40.01,0,chemical_facility
70.79,143.15,43.59,221.92,16.46,2080.24,2.88,46.86,21.44,71.42,621.52,12.31,0.03,41.32,0,chemical_facility
91.42,177.55,102.53,225.93,18.97,2395.82,2.85,38.18,26.6,76.03,610.19,10.19,0.03,29.26,0,chemical_facility
80.33,153.53,73.33,221.17,23.76,2202.79,2.42,33.66,24.03,81.94,520.38,11.86,0.01,39.29,0,chemical_facility
90.37,192.07,79.43,223.43,17.55,1464.79,3.2,56.48,27.93,35.52,630.88,8.36,0.01,20.39,0,chemical_facility
73.73,184.41,69.06,233.0,14.39,1916.51,3.18,42.46,22.14,84.45,317.17,13.13,0.02,25.63,0,chemical_facility
79.33,209.06,111.43,236.7,14.29,2200.96,1.53,45.53,33.22,60.67,623.13,3.32,0.01,25.65,0,chemical_facility
90.52,193.39,87.33,236.03,14.31,3474.09,2.67,51.22,27.0,52.47,559.03,11.56,0.01,15.36,0,chemical_facility
98.04,213.57,74.66,237.56,17.65,1838.22,3.57,46.2,12.13,65.16,582.73,7.06,0.03,22.1,0,chemical_facility
91.84,152.72,42.08,232.03,21.95,2387.37,3.74,36.32,29.7,38.53,412.55,12.73,0.03,26.32,0,chemical_facility
74.47,207.56,88.2,225.85,8.02,1925.53,1.72,39.7,27.13,56.67,639.46,9.4,0.03,36.95,0,chemical_facility
72.83,146.38,69.72,229.34,20.58,2048.45,3.46,31.7,29.97,51.38,499.76,9.46,0.02,32.29,0,chemical_facility
76.54,128.75,111.35,223.44,21.56,2557.69,2.69,45.51,35.87,59.24,636.91,10.02,0.03,29.51,0,chemical_facility
64.9,200.66,78.13,233.01,12.51,2488.88,3.07,51.2,23.48,63.57,674.35,8.38,0.04,45.28,0,chemical_facility
66.1,169.14,129.36,234.52,23.82,2333.44,2.49,20.0,17.59,69.56,487.79,5.75,0.01,42.44,0,chemical_facility
79.18,143.3,73.84,228.45,21.21,2625.95,3.48,58.86,25.18,82.45,803.12,11.37,0.03,23.76,0,chemical_facility
66.76,136.44,124.1,231.7,17.48,1720.25,3.6,40.34,30.21,51.4,1022.62,14.47,0.03,23.79,0,chemical_facility
73.9,202.91,83.36,234.94,15.43,1126.62,2.9,60.13,39.53,56.07,628.89,11.17,0.03,35.03,0,chemical_facility
65.25,183.21,78.31,242.06,19.37,1789.97,2.34,43.09,30.29,52.15,728.22,12.48,0.02,21.39,0,chemical_facility
78.34,177.15,87.36,231.86,15.84,2659.75,3.38,59.6,30.73,49.76,442.67,10.28,0.04,23.38,0,chemical_facility
73.91,170.8,113.29,231.44,18.2,2632.24,3.25,35.47,33.21,41.39,440.96,12.61,0.03,36.35,0,chemical_facility
73.26,179.3,51.92,212.4,10.02,2488.32,2.87,48.42,21.0,47.43,676.28,8.57,0.02,24.38,0,chemical_facility
85.91,161.66,91.3,232.55,19.87,2405.6,2.84,46.61,20.15,66.15,672.51,12.85,0.02,26.56,0,chemical_facility
74.91,211.75,65.15,237.07,13.52,1971.83,2.97,57.99,27.39,23.59,520.89,8.9,0.04,32.06,0,chemical_facility
92.44,186.3,71.38,239.99,16.74,2409.97,3.11,33.4,33.74,81.63,636.6,12.9,0.04,21.48,0,chemical_facility
79.76,170.91,66.6,233.28,10.6,2007.33,2.79,37.75,18.31,82.44,493.68,15.79,0.04,25.44,0,chemical_facility
68.49,183.58,137.04,235.02,21.74,2922.08,2.84,37.97,24.58,37.97,461.63,4.7,0.02,21.03,0,chemical_facility
73.06,190.74,86.55,229.39,15.59,2416.47,2.51,44.87,32.11,57.9,654.07,16.3,0.03,35.28,0,chemical_facility
63.75,171.21,121.26,225.43,8.1,1016.23,1.54,58.22,31.01,56.08,766.65,11.03,0.01,24.62,0,chemical_facility
74.52,148.56,108.7,231.51,16.04,2447.46,2.36,48.78,16.59,65.44,687.39,10.0,0.03,28.27,0,chemical_facility
73.42,197.59,71.68,228.91,21.1,2092.5,2.29,44.5,31.69,43.62,722.66,14.34,0.03,33.02,0,chemical_facility
72.57,150.32,108.61,238.53,11.09,2034.14,3.22,39.52,26.68,70.36,533.43,9.68,0.04,26.23,0,chemical_facility
71.8,210.56,87.5,233.25,16.17,3321.4,5.0,42.55,12.6,68.36,505.39,15.42,0.02,29.8,0,chemical_facility
86.43,178.91,123.91,233.75,19.3,1977.93,3.86,47.32,22.85,59.09,423.63,14.63,0.01,29.23,0,chemical_facility
78.27,191.31,48.36,225.11,10.21,2381.6,4.26,44.04,27.16,53.47,297.93,14.07,0.03,23.28,0,chemical_facility
74.39,178.87,90.84,234.48,18.31,2986.08,3.08,48.79,21.65,99.59,663.41,14.39,0.03,26.82,0,chemical_facility
67.97,162.19,98.72,218.59,10.61,2387.05,4.12,49.25,36.0,58.05,854.64,10.83,0.01,31.34,0,chemical_facility
71.9,177.34,126.87,220.99,12.67,2579.01,2.98,57.74,29.36,47.1,568.78,11.66,0.02,24.87,0,chemical_facility
77.18,208.08,55.75,221.11,20.28,1947.14,2.93,35.88,28.07,55.66,242.37,6.07,0.04,25.23,0,chemical_facility
72.58,165.28,77.87,226.34,20.97,3126.34,1.66,41.12,27.3,49.42,722.17,14.03,0.02,27.4,0,chemical_facility
57.03,101.1,58.15,235.36,16.31,2577.17,1.35,44.97,49.15,46.27,732.25,12.13,0.03,20.94,0,chemical_facility
66.43,152.36,73.4,237.24,17.44,1854.31,3.35,28.93,19.37,69.29,814.88,12.45,0.04,38.96,0,chemical_facility
96.3,180.12,74.83,232.88,20.03,1597.76,3.37,42.17,33.94,61.37,534.05,11.42,0.03,25.54,0,chemical_facility
84.59,171.6,69.54,225.76,21.5,2659.73,2.5,40.81,23.24,39.07,702.22,12.89,0.01,28.74,0,chemical_facility
71.2,180.35,67.15,240.54,10.77,1773.0,2.16,58.54,25.43,73.77,528.38,10.97,0.04,30.04,0,chemical_facility
86.1,200.19,94.87,232.11,12.91,2632.67,2.45,56.11,26.86,34.83,549.33,8.66,0.03,9.98,0,chemical_facility
80.49,162.52,95.39,230.74,17.93,1908.7,2.27,44.41,21.89,63.28,511.15,11.59,0.04,37.0,0,chemical_facility
76.18,181.35,110.6,236.04,21.86,2199.77,2.33,44.23,24.15,39.39,321.15,14.91,0.02,21.8,0,chemical_facility
84.76,161.33,69.79,224.32,15.29,2251.45,2.75,52.79,32.48,76.39,761.64,9.03,0.02,27.77,0,chemical_facility
73.99,159.94,79.6,233.32,15.78,2667.93,3.34,44.81,39.46,43.63,533.79,10.31,0.03,19.3,0,chemical_facility
100.78,209.97,88.57,224.96,16.86,2180.54,2.13,44.33,27.18,36.19,560.3,7.34,0.02,30.05,0,chemical_facility
88.49,160.5,73.26,236.89,15.43,2291.16,2.54,54.13,27.4,74.21,374.23,13.6,0.03,32.8,0,chemical_facility
89.11,161.81,89.53,227.43,12.33,1677.9,1.04,47.73,31.64,39.64,641.16,11.01,0.03,20.96,0,chemical_facility
71.41,179.68,55.54,223.37,19.98,2187.2,2.7,67.8,16.37,65.92,463.86,11.48,0.02,29.25,0,chemical_facility
74.82,135.82,81.47,239.35,20.93,2517.88,3.26,46.73,29.63,56.99,676.2,12.3,0.02,18.31,0,chemical_facility
72.8,197.27,93.28,241.32,14.38,1722.82,3.3,46.44,37.46,45.08,338.36,13.3,0.03,32.21,0,chemical_facility
67.84,176.81,74.99,229.25,19.27,2628.74,1.89,33.91,29.81,41.37,129.74,7.32,0.03,11.32,0,chemical_facility
66.37,180.04,84.68,235.36,21.95,2151.49,3.55,55.51,12.9,44.34,301.28,7.59,0.02,34.76,0,chemical_facility
59.9,206.84,134.78,224.58,20.13,1979.02,2.71,49.43,23.09,69.9,218.54,10.65,0.03,25.69,0,chemical_facility
73.86,133.71,108.36,231.42,10.87,2746.94,3.88,55.31,14.79,49.31,373.19,7.99,0.03,41.4,0,chemical_facility
78.28,200.47,103.3,247.06,16.13,800.0,4.44,36.18,20.9,59.6,338.97,10.08,0.01,30.3,0,chemical_facility
77.5,155.04,94.75,230.65,16.5,1953.82,1.98,42.74,24.27,81.91,429.9,9.23,0.03,22.86,0,chemical_facility
69.41,176.81,87.63,231.54,13.8,2468.29,1.65,43.74,19.49,51.7,968.51,10.31,0.04,23.61,0,chemical_facility
76.5,154.22,115.95,237.69,12.72,1758.47,3.89,49.64,27.64,68.87,585.91,11.77,0.03,23.13,0,chemical_facility
77.36,179.55,103.08,221.95,11.49,2330.24,2.3,39.65,19.69,60.11,532.54,9.18,0.02,33.97,0,chemical_facility
92.97,178.13,85.16,237.33,20.2,1857.22,3.65,53.9,37.57,46.7,658.04,8.25,0.04,28.86,0,chemical_facility
83.48,182.57,85.8,242.2,18.42,2407.94,2.66,37.27,27.16,63.69,513.15,8.24,0.01,26.04,0,chemical_facility
73.35,169.42,94.14,235.37,22.65,1656.6,2.48,49.52,13.01,62.24,253.61,5.36,0.03,17.89,0,chemical_facility
60.13,165.71,81.12,224.06,13.03,2469.4,3.94,46.72,19.7,55.0,495.16,6.56,0.03,23.53,0,chemical_facility
89.74,180.38,97.45,235.39,18.88,2226.3,1.62,51.97,20.64,47.54,562.08,11.15,0.03,35.09,0,chemical_facility
74.93,182.87,122.89,234.77,10.62,2483.44,3.08,47.33,34.06,65.54,609.07,12.41,0.02,29.11,0,chemical_facility
67.36,153.8,128.16,228.1,10.44,2355.29,4.27,54.14,35.29,62.27,417.8,9.06,0.03,26.96,0,chemical_facility
104.75,230.26,79.28,233.78,22.9,2148.96,2.07,48.19,27.37,32.56,429.6,18.13,0.02,23.75,0,chemical_facility
88.82,157.21,88.87,223.72,16.74,2378.72,3.05,50.84,23.25,52.8,579.34,3.89,0.02,30.32,0,chemical_facility
89.17,161.35,87.58,217.68,15.29,2396.34,3.75,55.63,36.46,41.22,456.41,11.34,0.02,24.25,0,chemical_facility
74.94,166.96,110.11,231.48,17.49,1898.86,3.81,43.55,23.62,42.76,705.43,12.0,0.03,22.72,0,chemical_facility
83.07,190.65,101.42,224.25,17.22,2861.79,3.0,53.72,33.88,41.23,954.19,12.34,0.02,13.12,0,chemical_facility
90.09,193.94,76.18,223.18,23.25,1828.8,3.42,47.95,28.08,64.13,739.99,11.51,0.04,23.58,0,chemical_facility
91.91,188.01,49.39,228.44,23.35,2489.88,1.73,27.85,28.59,79.19,523.04,15.88,0.03,39.09,0,chemical_facility
82.48,181.99,65.4,227.62,17.99,2017.47,3.15,62.73,28.84,55.12,545.04,11.18,0.03,7.45,0,chemical_facility
74.45,150.6,72.73,220.66,17.23,3099.66,2.63,35.98,20.51,77.53,511.5,9.12,0.03,31.2,0,chemical_facility
86.3,135.22,71.17,226.53,17.74,2276.45,1.81,46.11,41.26,53.49,473.2,6.15,0.03,22.86,0,chemical_facility
83.09,173.56,122.63,233.39,17.58,1207.61,1.94,51.98,35.76,43.16,370.24,2.91,0.04,12.43,0,chemical_facility
84.73,170.45,88.0,225.21,9.69,1988.03,3.72,44.9,40.38,59.85,459.41,11.46,0.02,30.95,0,chemical_facility
82.49,179.47,82.19,222.18,17.4,1550.11,1.98,23.34,33.95,30.09,800.89,16.66,0.02,30.3,0,chemical_facility
83.74,172.31,89.53,221.1,20.41,1906.4,3.01,49.98,10.08,60.42,731.5,8.35,0.03,14.1,0,chemical_facility
82.71,214.02,75.72,230.59,10.23,2212.17,2.82,46.9,15.22,93.29,477.89,17.05,0.02,41.18,0,chemical_facility
74.22,137.47,97.32,226.14,16.43,1852.58,2.42,47.65,23.79,65.45,601.02,7.2,0.02,33.19,0,chemical_facility
74.95,214.77,85.45,236.27,15.1,2178.24,3.5,36.95,31.65,41.43,384.85,8.94,0.02,29.89,0,chemical_facility
64.15,207.33,62.92,234.68,14.23,2582.9,2.98,42.0,31.46,38.61,568.07,13.04,0.02,32.51,0,chemical_facility
84.51,161.41,67.59,242.11,21.35,2498.23,2.68,49.12,37.55,53.49,605.49,11.75,0.01,29.94,0,chemical_facility
79.25,172.7,58.88,234.42,17.71,2884.5,2.12,46.63,20.15,45.85,716.72,12.09,0.03,19.66,0,chemical_facility
94.98,119.18,78.59,223.98,22.73,1784.18,3.72,55.51,28.04,54.26,590.74,15.17,0.03,34.58,0,chemical_facility
101.77,162.02,90.69,228.51,13.44,2525.69,2.65,51.63,15.55,48.31,670.31,7.75,0.02,31.98,0,chemical_facility
100.54,219.21,89.72,227.21,12.04,2621.7,3.49,36.46,22.06,50.79,698.57,10.58,0.02,39.87,0,chemical_facility
80.7,178.92,76.05,227.5,12.11,2757.46,3.38,43.29,29.82,62.35,715.36,8.67,0.02,13.81,0,chemical_facility
73.32,176.33,95.72,241.52,14.76,2614.51,3.35,35.07,22.32,55.11,274.75,15.49,0.03,26.47,0,chemical_facility
98.48,176.05,109.52,219.66,13.25,1985.04,2.83,51.05,36.58,63.32,463.61,6.75,0.02,26.22,0,chemical_facility
69.94,153.64,114.74,229.08,16.3,1075.51,2.23,44.08,18.55,48.59,344.62,10.21,0.03,22.12,0,chemical_facility
87.77,154.22,112.21,238.41,18.7,1985.69,3.01,28.67,21.76,58.48,363.56,8.44,0.03,30.98,0,chemical_facility
65.89,147.42,79.58,234.69,19.58,1763.01,2.57,36.1,29.36,74.28,678.62,16.1,0.02,32.9,0,chemical_facility
76.28,179.77,93.22,227.09,17.03,1484.44,3.49,51.6,39.34,73.14,571.13,12.43,0.02,27.07,0,chemical_facility
60.07,157.36,70.76,229.48,17.55,2566.81,2.1,31.37,8.51,73.07,808.17,12.95,0.02,24.98,0,chemical_facility
78.37,170.24,109.06,227.32,12.47,1831.07,3.06,31.99,32.91,15.38,634.67,4.4,0.02,41.74,0,chemical_facility
81.39,197.58,123.49,247.22,22.01,2094.77,2.65,33.37,33.54,58.45,459.11,12.56,0.02,13.69,0,chemical_facility
54.34,172.51,87.27,228.35,17.6,2611.63,2.74,38.32,22.71,29.05,684.22,11.16,0.01,26.24,0,chemical_facility
84.34,182.02,90.05,221.97,24.3,1600.5,2.33,51.01,38.65,75.24,502.28,7.59,0.04,28.34,0,chemical_facility
78.65,177.43,78.53,226.24,14.98,2659.79,1.48,39.19,31.79,56.4,755.53,13.23,0.03,27.56,0,chemical_facility
96.18,163.29,58.04,230.44,14.74,1901.29,2.96,44.0,28.22,36.58,563.55,6.73,0.01,13.23,0,chemical_facility
80.35,195.57,93.6,233.23,20.48,2036.29,2.65,31.21,26.42,66.78,724.53,10.06,0.04,31.65,0,chemical_facility
75.53,194.24,64.73,227.96,15.71,2564.54,2.11,42.91,27.83,38.57,651.73,12.11,0.02,20.05,0,chemical_facility
81.75,210.42,114.39,224.57,22.42,2406.72,2.03,49.37,24.58,49.67,306.23,8.7,0.02,30.92,0,chemical_facility
61.84,125.94,77.91,229.34,11.81,2865.77,2.35,53.05,25.83,20.85,445.1,12.44,0.02,24.41,0,chemical_facility
78.4,172.75,88.38,222.36,16.26,1887.63,3.06,59.6,22.42,43.17,643.54,11.6,0.02,23.55,0,chemical_facility
57.64,191.84,124.91,241.88,17.67,2688.82,2.98,54.64,20.33,85.73,191.15,15.99,0.01,20.53,0,chemical_facility
82.7,183.83,80.25,232.81,15.3,2257.98,2.85,37.47,23.74,53.72,703.13,8.35,0.02,27.67,0,chemical_facility
80.11,172.93,73.68,229.41,16.48,2512.06,1.47,46.95,27.81,71.68,558.79,12.97,0.02,34.12,0,chemical_facility
93.8,194.19,75.49,230.5,18.95,2270.66,2.29,63.22,31.55,55.73,501.13,11.28,0.04,24.95,0,chemical_facility
84.56,152.89,94.94,225.9,16.77,1736.41,2.62,44.17,35.67,28.39,896.18,13.4,0.02,20.98,0,chemical_facility
76.28,138.11,69.44,226.68,24.16,1897.88,1.12,48.13,39.05,57.22,677.75,10.48,0.03,39.21,0,chemical_facility
101.47,180.91,58.69,225.22,18.39,2172.71,2.6,40.97,21.95,56.24,754.68,7.04,0.03,28.41,0,chemical_facility
68.67,170.06,88.76,236.58,18.66,2635.55,4.12,44.22,25.41,66.4,244.3,14.55,0.01,32.73,0,chemical_facility
75.24,208.46,112.95,220.67,14.33,2077.66,1.88,42.26,25.15,39.47,549.37,10.3,0.0,23.15,0,chemical_facility
85.59,177.66,86.21,231.2,24.61,2537.35,2.36,43.91,23.79,71.89,326.42,9.22,0.04,33.96,0,chemical_facility
69.75,186.4,105.35,219.3,21.99,1941.48,3.34,51.59,34.82,80.3,329.99,11.71,0.02,19.09,0,chemical_facility
103.72,191.77,84.16,225.61,16.53,2283.98,2.0,55.7,39.78,50.78,546.99,11.62,0.04,19.07,0,chemical_facility
84.07,170.75,89.78,234.65,21.24,2043.31,2.92,45.6,27.82,41.52,334.0,14.71,0.03,38.85,0,chemical_facility
58.89,157.31,105.09,224.28,16.0,2303.62,1.95,45.84,25.34,80.13,709.18,8.06,0.02,23.07,0,chemical_facility
76.35,210.63,93.31,236.57,14.28,2006.75,3.36,47.43,27.32,57.82,874.53,6.96,0.0,24.35,0,chemical_facility
64.37,180.24,66.75,222.21,18.25,2351.37,3.24,30.96,27.91,83.9,462.49,8.88,0.03,20.24,0,chemical_facility
72.4,167.95,78.2,232.78,15.11,1563.58,3.63,46.62,26.32,38.49,471.45,10.91,0.03,12.49,0,chemical_facility
89.46,151.31,46.86,227.62,11.71,2086.41,2.08,49.12,10.84,73.25,572.98,11.13,0.02,26.19,0,chemical_facility
85.75,185.92,116.59,228.05,19.3,2354.87,2.23,53.27,30.58,64.35,551.36,7.27,0.04,31.76,0,chemical_facility
86.53,206.29,79.93,224.29,15.6,1613.66,3.26,48.33,25.1,70.72,532.67,9.13,0.02,18.95,0,chemical_facility
82.18,161.49,87.04,235.05,16.31,2226.36,3.03,48.79,37.71,34.96,569.11,9.09,0.03,9.91,0,chemical_facility
100.44,176.94,92.35,229.54,10.68,1730.35,2.88,29.72,32.08,61.27,535.36,18.32,0.02,33.05,0,chemical_facility
63.21,183.14,110.44,225.37,14.77,2036.27,3.99,37.63,32.17,51.98,574.37,15.01,0.03,29.11,0,chemical_facility
86.09,158.74,78.74,233.75,13.91,2889.19,1.31,44.39,32.66,60.95,522.67,7.34,0.03,37.39,0,chemical_facility
90.5,164.19,89.32,218.96,21.39,1862.62,2.09,41.06,28.46,63.04,479.11,13.45,0.03,18.82,0,chemical_facility
93.21,151.53,99.59,220.49,8.9,1930.33,2.68,33.64,33.76,57.56,485.14,12.05,0.02,25.7,0,chemical_facility
78.86,173.75,76.31,220.68,11.34,2032.83,3.58,39.35,30.15,43.29,514.75,13.72,0.03,18.67,0,chemical_facility
85.01,194.88,73.65,239.1,18.66,1644.92,2.89,31.5,46.5,52.43,554.81,8.33,0.03,29.2,0,chemical_facility
88.56,196.63,150.0,227.18,16.2,2664.22,2.83,68.57,40.29,62.46,487.52,4.9,0.03,25.02,0,chemical_facility
56.75,164.66,106.48,223.82,16.01,1479.34,3.68,31.02,25.9,68.02,310.49,13.39,0.03,29.93,0,chemical_facility
84.45,182.94,88.01,222.5,14.37,2215.4,2.86,41.13,12.76,41.29,144.48,13.79,0.03,24.09,0,chemical_facility
80.93,193.69,97.38,231.71,20.64,1257.04,2.24,54.86,25.88,58.32,154.41,12.22,0.02,50.0,0,chemical_facility
84.93,202.72,111.04,222.64,24.07,2848.19,2.32,40.95,24.2,76.24,586.61,6.18,0.01,18.43,0,chemical_facility
74.24,219.25,87.66,225.34,23.04,2603.69,3.2,47.29,32.09,34.75,742.52,11.93,0.02,25.78,0,chemical_facility
79.31,164.04,82.89,237.52,22.02,1490.3,3.22,52.01,17.84,38.07,311.27,17.83,0.03,22.72,0,chemical_facility
81.45,161.1,72.99,235.3,16.96,2067.05,1.76,57.04,35.29,67.67,608.31,7.9,0.04,25.45,0,chemical_facility
76.3,207.01,84.91,228.84,13.69,2211.46,3.49,45.85,26.72,60.01,600.12,9.49,0.03,28.04,0,chemical_facility
57.17,160.26,83.8,222.35,14.22,2109.16,3.1,36.63,19.25,40.23,553.7,9.75,0.02,35.93,0,chemical_facility
74.58,134.43,79.17,237.89,12.23,2214.05,3.67,41.25,25.73,27.37,733.78,13.89,0.02,24.45,0,chemical_facility
80.57,165.98,140.79,228.15,18.21,2095.02,2.44,41.19,33.36,19.3,567.16,5.65,0.02,38.66,0,chemical_facility
76.68,145.91,76.87,233.08,23.33,2565.98,3.16,57.96,13.76,45.03,412.43,8.46,0.01,21.82,0,chemical_facility
51.77,135.98,87.2,238.61,22.61,2043.79,3.68,52.63,20.43,68.76,484.09,13.59,0.03,32.81,0,chemical_facility
89.83,123.27,101.19,229.86,16.24,2177.73,2.34,43.05,28.14,44.5,747.25,10.06,0.04,28.64,0,chemical_facility
74.68,183.37,61.9,230.9,12.91,1608.0,3.27,36.59,32.83,59.42,674.19,9.8,0.02,11.49,0,chemical_facility
73.76,191.85,55.24,233.18,21.5,2182.23,2.08,46.97,26.1,65.35,460.53,10.2,0.02,20.45,0,chemical_facility
76.41,193.97,85.65,232.29,20.11,1708.9,3.19,35.83,35.52,65.68,488.1,10.31,0.02,45.09,0,chemical_facility
77.25,180.29,95.01,236.02,15.36,1558.51,2.58,50.23,25.48,43.2,477.32,10.42,0.02,28.86,0,chemical_facility
59.06,214.21,111.66,236.47,20.89,1925.97,2.55,55.2,10.62,27.32,306.85,13.04,0.03,23.06,0,chemical_facility
77.63,191.68,101.72,227.24,18.71,2597.88,2.89,41.94,23.22,63.28,569.14,8.19,0.03,17.01,0,chemical_facility
87.82,198.63,74.93,239.45,21.51,2181.97,2.78,23.52,25.88,63.72,596.25,10.26,0.03,27.45,0,chemical_facility
85.54,198.25,104.02,229.5,21.4,2743.9,2.78,39.03,23.93,65.28,610.5,12.04,0.02,21.51,0,chemical_facility
85.02,162.25,98.03,227.27,29.25,1504.31,3.05,35.36,28.2,57.56,737.71,8.63,0.01,23.66,0,chemical_facility
96.29,177.62,87.26,215.95,19.94,2298.45,2.32,63.12,17.38,65.9,769.78,7.1,0.02,20.6,0,chemical_facility
85.26,159.71,77.12,230.46,20.2,2977.15,1.96,45.02,27.47,91.76,925.68,6.75,0.01,29.8,0,chemical_facility
77.54,210.37,97.41,226.89,14.69,1981.42,2.51,42.23,22.38,32.75,601.5,9.29,0.02,13.36,0,chemical_facility
88.87,141.96,64.85,224.71,7.78,1804.27,3.19,36.0,18.61,60.59,730.1,7.14,0.03,31.61,0,chemical_facility
79.29,140.93,72.56,221.88,11.32,1918.96,1.67,39.5,35.27,11.96,453.13,6.72,0.03,8.65,0,chemical_facility
74.93,194.34,86.94,227.79,19.87,2696.14,3.37,54.53,25.78,60.13,240.11,14.9,0.03,15.11,0,chemical_facility
84.02,204.73,120.77,227.3,26.09,2470.01,1.67,49.97,23.16,22.27,468.07,10.02,0.03,30.52,0,chemical_facility
94.54,195.74,42.19,231.14,15.49,3007.72,3.57,51.18,37.28,53.11,701.78,7.59,0.03,19.38,0,chemical_facility
84.96,149.59,76.33,229.07,20.21,2236.35,3.88,47.58,16.17,57.92,380.21,9.92,0.01,31.2,0,chemical_facility
75.69,168.25,106.45,242.76,23.31,2094.18,2.46,39.58,24.96,64.03,529.24,1.65,0.04,41.12,0,chemical_facility
86.57,156.23,127.33,223.3,24.97,2807.93,2.07,41.53,34.21,74.72,297.17,13.97,0.02,12.02,0,chemical_facility
89.26,181.09,81.14,221.53,19.12,2239.68,1.61,45.83,24.79,77.03,326.81,11.15,0.02,27.16,0,chemical_facility
86.73,195.77,52.89,234.78,18.02,1783.44,2.94,57.48,17.4,33.92,452.0,10.02,0.02,36.56,0,chemical_facility
78.7,176.24,82.57,227.35,17.72,2685.52,1.97,43.06,31.97,66.29,807.12,11.68,0.01,32.71,0,chemical_facility
60.55,193.68,106.12,223.27,17.27,2175.65,0.92,58.88,31.64,56.65,235.53,11.32,0.03,24.35,0,chemical_facility
89.44,188.97,93.31,237.2,22.53,962.53,2.69,55.91,38.04,70.94,520.39,10.11,0.04,24.63,0,chemical_facility
95.81,182.72,70.2,233.98,19.22,1737.77,2.94,37.49,26.37,48.61,739.1,20.0,0.02,20.25,0,chemical_facility
81.54,191.91,91.88,217.02,22.07,2983.46,2.58,44.07,31.86,42.81,740.49,13.12,0.02,25.36,0,chemical_facility
70.62,181.66,108.97,245.67,11.86,2253.37,2.17,37.6,31.41,70.36,391.18,15.38,0.03,37.5,0,chemical_facility
99.06,189.52,104.01,237.27,22.18,1592.43,2.41,49.42,25.7,62.22,421.95,11.1,0.02,32.67,0,chemical_facility
75.84,157.44,87.97,220.45,23.56,2509.72,2.52,42.78,25.54,39.85,626.52,13.53,0.03,37.03,0,chemical_facility
70.62,172.72,80.36,224.02,14.77,2218.89,1.88,42.56,26.1,75.26,491.74,17.22,0.04,35.82,0,chemical_facility
94.42,211.7,113.66,231.05,9.72,1456.41,2.28,22.13,25.7,52.59,586.34,11.28,0.03,32.51,0,chemical_facility
84.39,195.87,90.75,224.14,18.99,2332.51,2.68,52.61,12.79,71.72,730.97,6.71,0.03,25.44,0,chemical_facility
85.81,153.86,85.59,232.19,14.5,1682.74,2.58,40.76,22.11,66.85,710.04,5.93,0.04,33.29,0,chemical_facility
93.21,195.74,90.99,230.84,20.46,2238.9,3.14,34.63,39.5,60.27,304.36,11.07,0.01,17.13,0,chemical_facility
66.6,185.93,85.71,231.93,20.5,1924.74,2.24,42.1,33.03,66.78,536.79,15.52,0.02,35.04,0,chemical_facility
72.25,152.71,93.0,226.81,16.39,2077.05,2.91,32.82,20.2,37.81,542.53,11.85,0.03,32.52,0,chemical_facility
53.96,208.75,80.63,235.13,15.14,2261.99,2.06,29.69,29.87,82.46,781.11,7.81,0.02,17.71,0,chemical_facility
85.66,143.38,87.73,232.67,15.65,2344.63,2.35,41.59,29.01,87.57,963.67,9.87,0.03,18.89,0,chemical_facility
93.6,138.1,49.62,234.21,9.49,1453.76,2.66,49.66,22.38,34.78,426.05,18.93,0.02,17.44,0,chemical_facility
89.29,171.35,94.14,231.18,18.72,1465.37,2.38,52.91,25.57,72.23,419.01,5.0,0.04,25.33,0,chemical_facility
74.01,202.58,93.22,239.83,13.9,1942.34,5.0,42.88,21.47,44.25,602.85,12.56,0.01,31.59,0,chemical_facility
80.75,169.45,115.75,225.67,20.48,2534.73,3.25,47.86,19.4,46.89,475.83,15.9,0.01,40.99,0,chemical_facility
83.58,180.79,83.83,228.34,15.79,1721.98,2.62,32.42,37.45,37.46,394.65,13.58,0.01,34.24,0,chemical_facility
98.25,173.83,96.71,240.9,11.22,1593.93,2.88,38.22,33.0,48.37,576.57,6.18,0.01,25.97,0,chemical_facility
76.76,173.12,105.58,231.89,13.39,2586.63,1.34,40.77,20.28,51.35,689.42,9.86,0.01,43.81,0,chemical_facility
76.47,169.21,88.11,236.83,20.51,1210.88,2.37,47.48,19.57,48.1,583.43,6.87,0.03,37.32,0,chemical_facility
61.81,161.42,101.31,219.01,15.28,1887.5,1.12,40.64,24.14,50.34,583.97,11.47,0.02,23.98,0,chemical_facility
71.41,235.35,104.9,233.32,13.97,1859.06,3.05,49.19,23.61,56.6,367.3,7.88,0.02,28.59,0,chemical_facility
88.02,200.74,71.62,228.32,9.35,3031.07,2.39,41.97,13.34,36.85,597.51,6.8,0.03,27.52,0,chemical_facility
77.38,124.5,111.79,237.37,8.72,1757.47,3.0,29.71,31.48,53.21,478.77,15.13,0.03,19.41,0,chemical_facility
65.52,174.96,96.21,226.49,20.09,2887.19,3.37,39.55,23.57,26.08,329.09,18.03,0.03,28.59,0,chemical_facility
79.08,205.69,66.43,231.36,15.36,2305.67,1.89,50.6,30.33,66.63,294.51,10.2,0.02,29.58,0,chemical_facility
87.08,199.11,89.78,231.55,20.37,1749.19,2.16,49.13,24.63,63.49,681.55,12.36,0.02,24.61,0,chemical_facility
86.54,196.04,102.89,218.39,15.0,1841.9,4.08,44.57,22.1,54.94,382.79,12.7,0.03,26.18,0,chemical_facility
64.37,211.47,127.59,226.0,20.36,2858.93,2.49,27.01,19.49,61.7,516.69,11.96,0.03,28.36,0,chemical_facility
79.17,155.69,80.43,226.11,17.75,1494.63,1.7,40.47,22.47,55.61,359.14,13.59,0.02,27.57,0,chemical_facility
75.67,187.07,81.88,233.94,16.17,2705.17,3.41,39.78,29.74,19.24,449.72,8.35,0.02,35.74,0,chemical_facility
82.99,204.69,76.37,215.89,14.17,1957.77,2.74,37.05,20.1,55.19,762.53,7.55,0.03,29.94,0,chemical_facility
66.07,158.93,61.82,231.75,16.03,2093.78,2.57,63.01,31.13,43.14,609.33,5.16,0.04,22.76,0,chemical_facility
76.89,170.51,68.54,225.28,18.36,1687.91,2.76,37.51,38.07,70.66,381.31,6.74,0.03,34.68,0,chemical_facility
83.43,192.88,88.71,233.67,15.31,1890.27,2.16,49.52,37.52,41.12,480.8,11.49,0.02,17.0,0,chemical_facility
78.94,190.83,88.04,235.21,17.11,3294.99,2.29,31.18,27.09,46.08,476.83,11.79,0.02,29.86,0,chemical_facility
84.36,167.69,72.03,224.31,21.74,2726.91,1.7,35.35,17.16,58.55,899.22,6.09,0.02,14.95,0,chemical_facility
71.2,164.03,69.61,225.56,18.88,2064.71,2.94,49.9,27.46,82.6,531.64,10.97,0.03,27.13,0,chemical_facility
85.31,189.0,97.73,229.67,23.07,1934.45,1.54,43.12,34.67,58.67,615.44,11.0,0.03,24.64,0,chemical_facility
64.76,155.46,58.65,227.39,17.12,3255.2,1.18,39.67,14.11,41.21,642.31,12.57,0.03,24.55,0,chemical_facility
71.59,182.57,90.12,237.44,18.28,2313.65,2.29,56.47,32.14,41.08,534.38,10.26,0.02,31.07,0,chemical_facility
85.92,203.09,59.73,220.0,13.63,2840.15,2.66,57.92,33.07,60.33,583.63,12.72,0.03,19.02,0,chemical_facility
68.26,206.08,106.79,225.42,16.48,1859.7,2.56,45.05,27.74,98.24,365.78,9.86,0.03,26.34,0,chemical_facility
70.76,193.14,90.09,227.91,18.84,2394.02,1.67,49.7,17.78,72.45,499.61,12.74,0.03,28.69,0,chemical_facility
76.41,165.83,103.53,229.71,20.27,2903.69,2.3,56.9,21.33,42.49,449.78,16.22,0.02,31.88,0,chemical_facility
95.64,172.48,68.89,228.5,19.38,2112.29,0.72,32.4,29.53,40.21,408.48,7.28,0.01,21.52,0,chemical_facility
66.74,163.02,96.28,226.29,17.77,2319.13,2.67,57.48,20.19,50.15,486.33,10.99,0.04,19.26,0,chemical_facility
69.97,214.38,67.96,218.21,16.75,2228.73,2.24,37.39,24.05,45.01,470.9,12.02,0.04,32.19,0,chemical_facility
75.04,152.45,88.15,234.0,14.19,1849.43,2.72,45.14,29.5,64.16,528.62,13.42,0.03,18.61,0,chemical_facility
94.69,162.18,106.36,219.38,12.58,1787.42,2.42,41.39,26.4,42.32,819.19,14.24,0.02,32.4,0,chemical_facility
76.05,142.69,107.18,230.56,21.83,2687.03,1.87,57.07,35.69,27.99,598.61,9.95,0.04,24.98,0,chemical_facility
74.23,163.89,84.07,236.24,14.3,2905.71,3.2,53.74,37.25,54.49,630.43,9.18,0.02,20.67,0,chemical_facility
74.03,154.92,141.04,225.57,20.16,1682.23,2.75,41.49,25.69,100.0,445.59,12.6,0.03,23.58,0,chemical_facility
77.63,214.66,113.3,220.56,14.04,2707.33,2.86,56.89,38.26,31.94,470.09,14.86,0.03,29.32,0,chemical_facility
76.42,214.78,80.51,227.91,15.61,2227.56,2.74,34.15,7.64,48.48,499.1,9.27,0.02,27.73,0,chemical_facility
54.28,123.14,103.21,227.55,17.64,2771.82,3.7,47.96,22.52,52.38,310.09,8.23,0.03,32.93,0,chemical_facility
57.01,197.75,56.32,226.41,14.17,2522.77,3.92,40.42,32.85,69.17,700.72,14.51,0.02,29.0,0,chemical_facility
73.37,179.84,82.73,228.92,14.2,2431.02,2.98,47.3,24.53,51.02,431.14,10.41,0.02,41.69,0,chemical_facility
95.63,173.35,85.82,235.16,14.98,2528.04,2.91,36.19,37.74,72.6,442.06,10.09,0.01,34.88,0,chemical_facility
69.31,170.62,103.84,238.0,18.13,2583.37,2.83,43.56,24.87,66.71,522.67,7.71,0.02,11.98,0,chemical_facility
80.63,145.1,83.88,233.04,13.28,2745.56,2.82,41.64,35.0,54.21,366.44,14.67,0.02,26.86,0,chemical_facility
82.64,197.39,93.69,228.2,19.09,1686.51,3.47,38.21,21.01,44.48,347.15,14.85,0.03,26.95,0,chemical_facility
91.51,214.04,54.79,228.36,16.21,2288.99,2.06,47.67,21.03,79.64,375.71,9.34,0.01,35.37,0,chemical_facility
80.71,164.71,99.54,229.38,15.24,2797.53,2.37,55.28,17.63,34.9,716.85,6.67,0.02,31.35,0,chemical_facility
80.07,172.03,130.4,224.15,8.7,1525.8,2.51,44.55,42.74,61.95,550.62,8.55,0.03,37.31,0,chemical_facility
67.48,150.9,89.44,231.42,16.22,2158.92,3.08,53.75,36.56,38.84,764.89,9.52,0.04,35.57,0,chemical_facility
99.05,201.79,91.26,225.95,18.38,2022.53,3.64,49.95,25.28,43.28,397.17,6.07,0.03,14.93,0,chemical_facility
78.83,106.32,99.93,227.8,15.38,2296.18,3.33,51.22,18.54,77.8,459.7,14.44,0.05,27.36,0,chemical_facility
90.28,180.32,124.11,230.91,20.84,1807.91,2.94,50.56,28.44,74.13,488.02,13.59,0.03,25.67,0,chemical_facility
73.58,172.69,122.77,227.94,15.3,2548.4,2.55,39.57,19.28,56.09,565.37,6.74,0.02,30.9,0,chemical_facility
109.16,147.0,90.23,225.63,10.99,2060.73,1.09,43.01,34.84,84.62,498.79,8.6,0.03,40.3,0,chemical_facility
78.58,186.71,85.71,231.25,18.32,2082.26,3.15,42.45,19.1,62.81,527.58,12.6,0.03,28.8,0,chemical_facility
59.82,215.93,120.12,222.49,18.8,1953.01,2.84,55.93,27.41,73.93,485.42,8.92,0.03,31.97,0,chemical_facility
82.63,187.65,112.48,231.23,17.13,2098.2,2.27,49.89,23.2,72.62,761.03,11.34,0.03,32.04,0,chemical_facility
83.44,135.75,113.58,245.26,24.71,2574.45,2.43,52.83,22.63,54.96,718.7,13.94,0.03,34.13,0,chemical_facility
77.47,203.98,106.37,239.61,19.2,1772.13,3.78,50.99,38.41,59.45,584.41,12.41,0.03,22.85,0,chemical_facility
66.48,212.01,103.76,232.21,12.67,1631.47,3.91,49.76,13.43,52.34,571.78,8.24,0.04,37.3,0,chemical_facility
82.04,176.33,97.78,240.07,10.15,1110.0,1.66,39.49,32.4,58.76,674.58,9.83,0.02,13.13,0,chemical_facility
70.86,164.83,83.24,238.45,18.88,1650.97,2.75,48.15,31.73,55.58,559.64,6.36,0.03,23.87,0,chemical_facility
61.66,173.67,107.55,228.38,16.91,1253.78,2.12,50.4,19.19,44.56,214.55,10.09,0.03,26.6,0,chemical_facility
78.56,158.29,70.38,213.96,9.16,2680.13,3.12,42.92,33.32,47.94,306.51,11.18,0.02,36.04,0,chemical_facility
81.85,165.35,93.5,232.21,21.05,2245.13,2.58,50.44,27.79,46.27,663.82,13.51,0.03,26.72,0,chemical_facility
90.43,156.81,109.18,211.89,20.45,1730.68,2.58,55.02,31.55,58.98,584.17,12.39,0.03,26.42,0,chemical_facility
87.84,140.26,130.54,215.74,15.22,2982.24,3.78,57.88,15.09,68.03,460.6,14.38,0.02,30.06,0,chemical_facility
70.11,188.46,103.04,231.11,16.34,2432.03,2.92,28.79,35.49,58.65,837.25,11.05,0.02,29.29,0,chemical_facility
58.12,169.31,83.45,232.37,9.73,1835.2,2.46,33.18,36.46,68.62,922.13,15.09,0.03,34.82,0,chemical_facility
76.23,162.64,90.58,223.0,16.77,2531.47,2.86,27.39,26.7,48.34,351.44,12.19,0.02,25.34,0,chemical_facility
81.89,170.01,132.17,229.4,23.36,2280.23,2.15,48.14,19.37,59.15,364.6,10.82,0.03,31.09,0,chemical_facility
77.76,132.27,113.78,234.5,12.92,1812.02,1.86,33.52,24.44,51.41,722.42,12.05,0.02,25.59,0,chemical_facility
90.0,148.12,104.07,232.39,21.2,1825.72,2.29,45.96,27.74,65.88,707.95,10.6,0.03,23.17,0,chemical_facility
77.09,191.6,118.23,222.95,14.38,1693.63,3.37,47.83,17.93,57.71,510.79,9.32,0.03,32.68,0,chemical_facility
84.58,175.58,69.97,227.25,12.42,2102.54,3.55,30.43,34.87,34.92,689.32,13.37,0.04,38.39,0,chemical_facility
88.62,184.21,89.09,235.28,22.37,3065.92,3.39,37.02,21.37,40.31,692.77,13.45,0.03,28.79,0,chemical_facility
86.84,225.17,114.11,232.24,19.29,2347.52,2.97,35.94,27.1,60.0,538.52,10.48,0.02,29.57,0,chemical_facility
58.44,159.01,77.75,224.0,18.51,3144.39,2.45,36.09,20.39,32.0,539.61,5.58,0.03,28.26,0,chemical_facility
88.96,168.14,100.92,213.25,14.76,2028.07,2.66,47.74,34.17,59.49,564.6,15.07,0.01,27.08,0,chemical_facility
81.09,181.3,107.74,235.94,13.72,2623.92,3.34,46.54,29.56,64.22,271.9,9.68,0.03,22.59,0,chemical_facility
79.85,175.71,102.0,225.95,17.74,2816.01,4.0,50.17,29.12,91.35,489.44,7.1,0.03,25.0,0,chemical_facility
73.23,141.64,106.9,227.65,11.56,2255.48,2.94,34.8,21.43,78.19,591.77,10.59,0.03,43.46,0,chemical_facility
73.13,170.56,78.38,218.98,13.53,2251.07,2.07,60.53,29.38,32.27,756.34,7.09,0.02,20.64,0,chemical_facility
61.55,186.49,111.09,240.99,22.91,1491.97,3.05,58.69,38.13,32.44,294.83,7.57,0.04,27.37,0,chemical_facility
73.52,212.05,65.13,240.49,15.91,2348.7,1.27,50.29,32.93,44.6,206.53,2.92,0.02,36.59,0,chemical_facility
73.86,196.14,53.5,225.29,15.82,2700.12,2.68,47.75,21.46,64.93,295.5,6.44,0.04,21.53,0,chemical_facility
69.92,154.71,102.56,231.96,22.2,2373.04,3.53,48.04,37.32,52.86,593.22,14.76,0.02,30.52,0,chemical_facility
73.07,166.99,115.51,232.78,15.22,2117.94,3.89,44.99,30.78,60.42,603.23,11.25,0.03,26.57,0,chemical_facility
63.85,170.13,102.96,239.97,19.77,2796.07,3.58,52.36,25.25,26.72,513.66,7.37,0.01,13.64,0,chemical_facility
73.8,207.02,80.27,232.07,20.23,3130.01,2.25,68.35,20.9,62.35,155.34,12.17,0.02,28.16,0,chemical_facility
60.64,191.05,71.75,234.57,10.96,2165.42,3.37,40.89,29.35,49.37,606.7,14.94,0.02,22.94,0,chemical_facility
79.12,168.45,59.39,222.28,22.94,2586.39,2.28,37.72,16.43,31.45,540.48,7.61,0.03,31.81,0,chemical_facility
72.87,153.5,103.89,232.67,21.44,2745.46,3.25,49.89,23.81,48.84,442.66,8.99,0.03,29.54,0,chemical_facility
101.16,164.29,62.39,237.91,19.68,2019.27,3.03,37.73,17.21,34.2,499.0,11.53,0.02,15.5,0,chemical_facility
62.16,182.09,78.96,237.58,22.49,2688.42,2.29,29.1,24.61,42.65,689.09,10.1,0.03,22.67,0,chemical_facility
70.43,143.42,89.77,224.56,25.57,2827.76,2.57,56.35,36.1,41.51,461.53,13.97,0.02,40.94,0,chemical_facility
82.29,169.68,98.59,241.98,12.44,2767.09,2.26,57.8,25.91,48.43,606.91,11.82,0.02,27.44,0,chemical_facility
68.16,175.88,78.43,215.98,17.77,1816.75,1.04,35.69,34.6,61.77,314.22,7.83,0.03,34.06,0,chemical_facility
87.64,185.59,104.49,233.49,20.01,2248.23,2.91,44.86,29.69,68.38,221.95,7.59,0.02,27.02,0,chemical_facility
75.84,187.62,89.76,222.73,17.39,1932.04,2.75,44.7,33.12,45.17,609.11,6.74,0.02,29.12,0,chemical_facility
90.37,196.83,89.27,230.64,21.93,2251.85,2.68,34.79,28.03,69.45,684.89,9.19,0.02,26.36,0,chemical_facility
78.58,165.46,97.29,238.04,18.95,2675.37,2.29,32.15,37.86,59.85,487.46,14.73,0.02,30.0,0,chemical_facility
76.99,151.63,92.79,236.62,14.08,3133.7,3.56,49.87,19.75,60.7,630.15,9.11,0.03,27.51,0,chemical_facility
83.58,175.03,67.57,230.61,17.68,2231.06,2.82,57.67,21.18,67.78,364.6,9.24,0.03,33.7,0,chemical_facility
77.02,206.38,106.75,225.5,17.76,920.16,2.97,54.01,23.67,50.06,793.85,12.08,0.02,29.88,0,chemical_facility
71.79,142.5,105.78,225.71,23.36,1023.67,2.18,63.66,27.0,43.04,767.0,11.14,0.02,18.49,0,chemical_facility
87.35,202.83,75.87,231.69,20.51,1920.74,1.86,54.19,18.11,79.11,430.35,14.66,0.04,24.54,0,chemical_facility
73.39,163.57,106.21,235.11,15.48,2373.39,2.71,52.27,28.69,44.08,650.28,14.85,0.04,21.61,0,chemical_facility
94.82,149.9,71.88,236.66,24.89,1858.63,2.82,44.75,29.29,58.26,632.45,10.92,0.02,27.99,0,chemical_facility
96.51,156.8,74.87,237.36,15.83,1047.39,2.25,34.75,18.45,24.07,588.55,9.23,0.04,38.75,0,chemical_facility
55.4,215.6,67.58,228.97,13.15,2012.52,2.39,44.61,22.12,81.69,329.27,8.63,0.01,21.09,0,chemical_facility
80.37,174.66,119.35,226.01,24.58,2062.72,3.87,47.5,24.44,66.16,768.06,10.23,0.04,23.15,0,chemical_facility
88.53,141.14,71.85,229.26,13.86,2267.33,2.39,51.27,20.85,80.02,544.96,10.6,0.03,48.38,0,chemical_facility
84.16,147.91,94.2,228.95,15.99,2146.89,2.02,42.78,19.23,54.35,450.86,11.13,0.02,17.95,0,chemical_facility
64.42,177.01,53.66,237.67,24.97,2776.67,3.03,54.3,41.71,53.11,878.31,8.17,0.03,36.97,0,chemical_facility
51.21,146.14,94.82,223.63,17.87,2717.33,3.05,53.96,29.54,54.07,715.45,8.71,0.02,17.48,0,chemical_facility
71.74,169.56,81.67,235.65,18.95,2126.95,1.87,52.05,26.55,48.7,696.22,17.14,0.04,26.1,0,chemical_facility
95.02,161.65,69.41,228.11,15.08,2157.27,1.63,43.23,34.62,46.96,522.09,14.96,0.03,36.15,0,chemical_facility
90.41,193.59,95.12,230.34,23.47,2938.13,2.25,43.69,40.19,44.87,380.99,11.16,0.03,10.63,0,chemical_facility
77.03,209.17,126.04,215.34,18.87,2393.65,2.35,44.24,37.46,39.9,360.39,14.92,0.01,32.76,0,chemical_facility
76.72,195.76,83.76,235.83,14.17,2515.45,3.46,44.89,19.52,58.6,650.13,11.41,0.03,25.02,0,chemical_facility
67.92,184.39,114.68,233.18,25.19,1945.19,2.56,38.03,22.39,65.56,617.43,6.59,0.02,41.64,0,chemical_facility
79.36,173.67,94.24,237.97,11.6,3162.85,2.43,41.0,24.52,54.94,523.57,14.46,0.03,21.84,0,chemical_facility
82.69,174.86,93.95,242.88,20.63,1661.58,3.33,53.29,21.6,50.32,811.81,10.71,0.01,27.33,0,chemical_facility
82.15,173.11,85.18,229.17,16.02,2696.92,1.5,49.98,23.19,62.2,728.58,8.45,0.02,30.25,0,chemical_facility
54.49,144.76,85.42,235.62,19.92,2738.38,2.59,38.87,25.29,100.0,589.92,10.2,0.02,27.09,0,chemical_facility
56.13,190.32,75.52,236.45,19.93,3258.21,2.33,34.25,33.46,30.07,543.94,6.78,0.02,18.05,0,chemical_facility
74.32,192.8,111.2,237.62,13.73,2079.52,2.51,44.29,24.35,61.49,431.78,14.31,0.02,21.59,0,chemical_facility
90.31,156.79,44.87,234.25,18.49,1041.22,3.77,34.32,19.36,65.21,548.01,5.63,0.03,21.58,0,chemical_facility
61.75,162.53,98.56,224.99,20.82,1947.17,1.92,56.35,30.05,60.15,618.46,14.3,0.03,25.69,0,chemical_facility
71.83,162.35,77.35,226.53,24.69,2389.47,4.48,43.71,24.39,51.52,407.79,10.65,0.02,33.08,0,chemical_facility
76.33,197.18,110.69,225.32,26.78,2216.07,2.88,57.41,28.72,42.53,554.98,10.75,0.01,30.7,0,chemical_facility
85.15,171.49,106.68,219.62,20.56,1455.58,3.03,49.79,37.8,44.21,275.24,1.1,0.02,17.09,0,chemical_facility
88.59,149.27,76.24,225.14,15.65,1100.24,4.13,39.41,20.57,48.8,840.2,10.9,0.02,42.52,0,chemical_facility
66.78,158.12,108.35,234.52,13.89,2387.85,2.73,41.1,19.05,54.33,687.66,11.51,0.02,28.17,0,chemical_facility
77.81,169.29,98.11,229.43,19.34,2842.62,1.9,48.37,30.14,53.17,655.88,13.12,0.04,23.32,0,chemical_facility
81.0,205.39,79.7,242.48,14.07,2894.04,3.65,32.18,26.62,63.66,545.33,12.09,0.01,29.72,0,chemical_facility
73.49,179.71,54.92,235.51,17.8,1985.5,2.42,46.28,23.1,39.17,251.69,5.45,0.03,29.05,0,chemical_facility
60.76,184.95,79.02,229.83,15.78,1040.98,1.41,32.94,41.92,64.05,651.07,9.22,0.03,22.95,0,chemical_facility
78.32,154.4,76.27,230.98,19.05,3121.26,3.05,47.63,17.44,51.75,566.7,7.94,0.02,27.1,0,chemical_facility
82.04,190.78,118.27,227.7,22.4,1765.11,2.92,44.59,30.3,24.65,219.44,6.34,0.03,23.76,0,chemical_facility
78.87,154.36,85.97,232.99,8.58,2014.57,4.02,50.45,29.4,73.95,599.26,12.35,0.04,30.34,0,chemical_facility
64.1,123.63,121.59,219.67,17.31,2227.0,2.52,52.92,33.75,53.69,604.93,8.43,0.03,22.66,0,chemical_facility
81.45,191.9,73.78,227.43,15.17,2238.21,3.61,43.16,46.42,45.04,684.06,7.25,0.02,25.22,0,chemical_facility
67.27,203.1,77.34,243.44,18.17,3271.53,3.24,46.76,29.88,61.29,601.92,5.52,0.03,50.0,0,chemical_facility
83.12,172.11,102.87,236.94,10.06,2353.79,3.23,50.54,38.23,64.46,294.51,12.13,0.02,28.35,0,chemical_facility
68.86,149.34,136.83,219.85,12.47,1832.39,2.5,46.02,35.51,56.02,545.65,18.67,0.02,23.61,0,chemical_facility
87.73,194.24,128.08,247.11,26.52,2035.88,2.41,41.57,31.11,51.0,661.87,13.8,0.03,25.52,0,chemical_facility
68.53,168.41,129.48,229.56,12.2,2551.55,3.17,46.75,31.76,50.69,408.93,11.35,0.02,36.16,0,chemical_facility
73.65,198.85,62.76,220.88,25.54,2509.35,3.18,43.2,31.79,53.99,551.07,12.24,0.04,25.82,0,chemical_facility
79.74,143.97,108.09,237.59,17.28,2105.02,2.6,30.2,39.22,52.33,459.55,13.46,0.02,25.21,0,chemical_facility
75.04,134.28,75.54,232.59,16.7,1768.8,2.31,54.34,22.96,78.32,335.06,13.2,0.03,28.52,0,chemical_facility
82.73,160.18,38.62,234.43,18.23,1674.51,1.27,37.15,30.29,68.74,701.57,11.17,0.04,43.56,0,chemical_facility
96.53,155.18,65.99,226.66,21.57,1963.61,3.99,45.47,32.77,76.23,868.54,8.57,0.04,20.54,0,chemical_facility
77.44,188.1,75.04,218.72,19.8,2458.95,0.95,46.24,28.77,44.65,362.37,8.03,0.01,10.62,0,chemical_facility
71.23,179.46,84.48,238.38,12.28,2971.3,3.14,58.17,24.39,16.73,706.9,10.02,0.04,7.96,0,chemical_facility
71.74,156.9,111.76,221.46,20.85,2566.01,3.99,39.09,37.02,53.68,514.66,12.81,0.03,33.11,0,chemical_facility
92.69,163.08,73.06,227.07,13.62,2559.29,3.03,34.21,15.06,57.33,710.33,10.27,0.03,38.13,0,chemical_facility
61.72,158.02,97.97,237.29,22.95,1855.97,2.37,46.21,24.5,54.84,456.52,7.4,0.02,50.0,0,chemical_facility
77.85,183.78,65.48,239.72,18.19,2929.11,2.58,44.95,37.08,59.55,620.09,9.33,0.02,32.21,0,chemical_facility
84.88,169.68,94.65,228.0,8.18,2791.8,1.86,38.38,25.39,34.92,682.33,7.03,0.02,26.49,0,chemical_facility
63.05,164.64,45.03,225.66,17.71,2127.07,3.05,37.89,24.63,68.21,257.83,9.39,0.03,36.5,0,chemical_facility
71.6,167.24,81.71,247.17,21.43,1862.04,2.04,21.92,21.48,62.11,475.08,2.39,0.01,21.17,0,chemical_facility
81.16,185.79,112.91,245.82,23.18,1879.03,1.77,64.84,23.68,69.43,496.98,9.4,0.02,35.89,0,chemical_facility
75.44,170.2,112.92,237.46,15.39,1758.54,1.92,57.2,33.27,13.48,647.1,11.68,0.03,39.49,0,chemical_facility
80.1,172.9,94.71,230.19,16.07,2184.76,3.16,47.67,28.36,61.25,761.17,8.3,0.02,33.27,0,chemical_facility
96.16,222.5,96.84,231.84,15.67,2367.86,0.89,56.06,24.89,47.54,540.03,13.69,0.02,24.96,0,chemical_facility
70.0,139.96,103.68,226.69,19.61,2418.1,2.83,60.44,13.26,43.13,552.24,10.79,0.02,15.0,0,chemical_facility
76.69,168.77,83.63,231.44,23.19,2249.92,3.46,35.35,21.06,31.15,869.41,11.58,0.03,29.0,0,chemical_facility
97.6,179.97,103.03,216.17,13.9,2496.66,2.39,43.41,22.16,79.96,397.52,9.28,0.01,34.02,0,chemical_facility
63.15,200.35,93.88,232.27,22.3,2254.32,3.5,43.53,41.68,59.73,524.47,10.18,0.0,32.05,0,chemical_facility
87.61,122.56,98.64,233.34,15.89,2254.19,1.86,37.37,43.62,60.24,713.79,8.38,0.04,26.94,0,chemical_facility
71.43,194.88,47.56,236.46,19.53,2504.8,2.06,57.76,27.35,67.67,199.36,7.1,0.03,20.68,0,chemical_facility
70.42,202.94,79.95,229.63,17.82,3012.2,3.45,52.15,30.89,68.73,339.49,11.61,0.02,44.03,0,chemical_facility
87.59,137.1,106.57,235.84,17.57,1672.03,3.19,66.1,32.57,53.93,297.96,15.34,0.02,31.36,0,chemical_facility
71.93,197.43,89.0,233.59,14.09,2243.18,2.94,37.83,19.5,50.9,520.99,10.21,0.03,31.75,0,chemical_facility
70.06,133.79,94.8,236.85,13.02,1890.49,2.65,45.06,14.42,64.64,446.07,11.12,0.03,50.0,0,chemical_facility
85.8,156.67,61.14,230.06,15.1,1577.39,2.73,42.72,25.0,50.53,493.46,9.2,0.02,35.22,0,chemical_facility
73.26,194.81,121.22,231.24,19.99,1019.23,3.24,57.2,28.49,55.11,241.03,16.52,0.02,22.62,0,chemical_facility
80.6,167.81,119.63,230.04,19.36,1322.62,2.69,45.03,25.87,42.07,390.59,7.23,0.03,20.02,0,chemical_facility
61.09,167.32,83.5,233.24,12.24,2452.56,3.52,47.41,12.82,50.16,639.45,11.3,0.01,17.17,0,chemical_facility
70.14,185.61,75.43,230.94,16.63,2302.55,2.67,34.16,32.22,52.62,508.98,15.77,0.03,18.46,0,chemical_facility
104.92,151.77,110.75,231.44,12.26,1993.69,3.68,46.44,19.27,54.68,513.79,9.84,0.05,33.88,0,chemical_facility
68.35,207.49,80.15,231.44,19.9,2125.37,2.32,45.15,17.87,41.46,738.41,10.56,0.03,19.54,0,chemical_facility
82.23,184.45,69.63,220.35,20.46,2077.03,3.64,39.43,5.0,59.58,511.88,11.33,0.01,20.41,0,chemical_facility
51.99,213.69,111.23,222.38,15.29,1844.49,1.83,50.89,37.34,54.61,352.19,13.99,0.0,31.86,0,chemical_facility
81.47,164.72,90.75,244.57,13.38,1882.24,2.62,57.06,17.28,59.42,407.6,17.28,0.03,30.9,0,chemical_facility
82.85,159.27,69.06,219.38,11.28,1910.18,2.35,52.03,25.81,83.87,673.14,8.58,0.02,35.95,0,chemical_facility
93.52,175.05,96.36,225.7,17.73,1957.72,2.11,45.4,32.26,60.26,542.31,13.54,0.02,20.94,0,chemical_facility
75.36,125.74,109.48,230.95,11.79,2546.51,2.81,42.96,36.08,70.4,579.39,10.16,0.03,33.58,0,chemical_facility
74.72,173.37,90.89,229.56,20.56,2832.59,3.99,49.07,34.08,56.02,478.2,11.65,0.02,24.12,0,chemical_facility
88.58,150.01,108.45,219.41,15.23,1808.06,2.19,54.76,31.34,36.74,615.85,12.15,0.02,37.43,0,chemical_facility
57.31,153.22,81.9,235.72,17.54,2296.81,3.54,43.73,9.78,53.68,322.76,7.27,0.03,10.22,0,chemical_facility
90.25,202.33,56.13,225.84,23.16,2169.15,3.42,32.62,34.87,57.42,518.74,17.36,0.02,30.92,0,chemical_facility
74.05,124.63,72.32,232.64,16.8,1781.07,2.26,49.81,35.3,40.1,457.38,15.64,0.03,11.99,0,chemical_facility
72.34,135.21,79.4,227.05,9.63,2716.6,2.62,70.0,20.27,42.92,356.13,10.24,0.02,28.92,0,chemical_facility
84.46,156.28,71.23,240.59,22.93,2035.64,2.23,25.19,32.4,70.22,671.35,10.68,0.0,25.26,0,chemical_facility
62.66,151.59,87.68,226.74,11.31,2221.5,2.61,45.88,31.97,54.83,656.49,3.71,0.03,27.52,0,chemical_facility
96.11,177.57,100.81,220.82,18.88,1905.7,2.6,45.72,10.43,67.36,691.82,8.87,0.03,32.6,0,chemical_facility
69.9,212.02,105.07,239.51,11.62,1794.85,2.77,29.04,24.51,50.66,531.22,12.95,0.04,39.94,0,chemical_facility
58.46,144.16,97.5,225.87,16.71,2696.23,2.88,33.42,32.74,56.42,594.36,9.06,0.02,24.63,0,chemical_facility
78.71,198.97,98.98,234.15,19.99,1613.83,1.44,38.15,34.84,63.97,623.05,11.95,0.03,25.06,0,chemical_facility
69.01,172.74,56.81,220.17,17.83,1740.49,0.5,56.3,23.67,67.13,281.76,14.58,0.03,19.76,0,chemical_facility
84.86,184.53,112.83,225.28,20.91,2665.56,0.5,62.08,30.65,76.15,621.51,5.74,0.03,22.77,0,chemical_facility
76.42,209.09,121.27,244.88,15.8,2380.73,2.28,49.76,25.61,54.04,444.17,5.43,0.03,32.78,0,chemical_facility
97.13,205.37,85.88,218.56,16.93,1197.89,1.23,44.65,20.58,66.23,620.06,11.43,0.02,29.49,0,chemical_facility
70.25,133.71,131.23,241.74,20.46,1425.93,0.69,47.53,31.56,91.52,657.21,6.39,0.02,22.45,0,chemical_facility
82.91,183.65,89.7,239.25,13.94,2271.58,2.96,37.38,24.16,53.41,360.83,7.65,0.01,23.32,0,chemical_facility
73.66,154.85,71.54,235.38,22.49,2457.02,3.68,41.02,22.39,60.37,499.17,9.3,0.01,21.75,0,chemical_facility
84.56,156.44,109.45,229.36,14.3,2607.44,3.39,58.81,31.36,59.64,712.35,9.05,0.04,39.19,0,chemical_facility
92.05,156.78,59.5,234.82,10.5,2626.73,2.81,43.68,32.81,71.71,428.93,12.15,0.03,22.02,0,chemical_facility
85.07,157.34,73.48,234.68,14.85,2820.21,2.63,56.74,25.25,78.2,248.49,11.1,0.03,28.13,0,chemical_facility
75.16,123.78,62.25,215.73,17.38,1453.49,2.53,47.69,38.5,59.85,384.15,12.0,0.02,27.83,0,chemical_facility
51.52,139.51,88.29,225.55,13.97,2361.03,1.66,48.34,37.32,57.58,322.67,14.15,0.03,40.64,0,chemical_facility
68.06,198.34,81.2,227.97,11.66,2203.78,2.98,35.94,16.42,67.2,718.51,14.32,0.02,19.98,0,chemical_facility
81.14,175.46,98.35,223.04,15.63,2580.13,2.49,36.93,45.12,40.79,443.48,9.38,0.02,29.09,0,chemical_facility
86.5,198.25,99.7,230.73,12.22,1730.9,2.81,45.5,30.19,61.52,446.32,10.64,0.03,29.78,0,chemical_facility
69.65,184.49,70.07,225.23,17.68,2417.0,4.36,46.81,24.0,67.56,655.86,11.87,0.05,19.26,0,chemical_facility
64.7,166.87,85.17,218.84,19.31,1934.01,1.24,48.47,27.61,72.29,426.54,11.61,0.03,20.42,0,chemical_facility
67.29,168.14,84.18,229.84,12.06,2110.71,2.94,41.02,25.82,57.56,683.78,9.57,0.02,28.72,0,chemical_facility
85.46,177.16,84.9,223.72,20.64,1888.8,3.29,39.31,35.38,75.88,437.37,12.99,0.02,23.18,0,chemical_facility
70.41,161.62,87.8,232.93,9.49,1824.86,2.93,44.25,19.69,74.53,399.5,12.21,0.02,36.99,0,chemical_facility
64.68,188.49,98.59,219.19,17.12,2826.8,2.4,53.4,33.12,43.04,559.51,15.41,0.01,23.88,0,chemical_facility
88.29,180.6,66.01,225.73,13.23,1966.96,3.27,42.19,38.85,60.23,546.72,6.97,0.04,35.08,0,chemical_facility
81.19,164.94,79.09,231.38,14.29,2553.41,3.56,37.68,28.64,44.02,804.88,10.79,0.03,35.73,0,chemical_facility
59.57,129.37,78.8,235.09,26.68,2046.85,4.36,43.51,22.84,44.44,329.37,10.15,0.02,18.19,0,chemical_facility
77.64,143.39,85.58,224.25,12.78,1757.83,3.54,40.66,26.06,49.02,622.99,7.44,0.04,31.75,0,chemical_facility
61.22,226.18,82.1,229.48,13.22,3078.64,2.7,39.68,25.85,45.07,466.04,10.27,0.02,33.31,0,chemical_facility
79.93,175.83,124.91,222.1,16.99,2193.01,2.71,46.92,18.65,29.95,723.56,11.21,0.03,24.15,0,chemical_facility
76.34,197.13,109.87,226.89,16.14,2260.07,4.82,48.57,28.44,45.75,610.3,12.75,0.03,23.58,0,chemical_facility
77.29,171.76,63.02,226.64,18.06,2075.98,3.65,42.66,25.58,52.3,420.0,4.66,0.02,18.48,0,chemical_facility
79.22,122.53,79.12,217.65,17.72,1700.85,3.26,45.26,18.94,77.23,512.75,9.81,0.03,29.05,0,chemical_facility
86.63,171.24,97.82,232.7,13.4,2262.04,4.7,48.69,28.83,61.74,601.99,12.56,0.03,26.14,0,chemical_facility
75.12,201.06,96.9,240.0,22.59,2464.48,2.48,67.9,18.52,82.3,560.58,9.37,0.03,23.0,0,chemical_facility
54.35,180.59,80.06,224.79,23.21,2318.77,3.23,41.49,23.75,34.84,717.96,5.77,0.02,21.28,0,chemical_facility
79.73,177.05,92.4,235.73,15.94,2132.07,2.45,50.86,30.48,61.15,546.06,12.29,0.01,29.74,0,chemical_facility
96.44,166.81,96.35,239.38,12.6,2640.92,1.57,37.93,26.68,56.78,624.57,16.11,0.01,29.12,0,chemical_facility
68.04,140.92,101.63,227.02,19.64,1507.97,2.44,46.75,26.76,36.5,380.31,12.03,0.01,12.11,0,chemical_facility
74.79,173.83,90.84,213.89,11.53,1426.67,2.22,55.76,13.58,94.89,794.77,7.74,0.03,32.15,0,chemical_facility
71.22,141.13,105.47,230.99,23.98,2387.24,3.14,45.69,26.88,41.89,761.56,12.01,0.02,12.61,0,chemical_facility
95.64,145.64,91.66,233.6,22.39,2829.44,1.91,42.91,47.26,47.84,508.75,10.52,0.04,25.56,0,chemical_facility
77.11,132.98,129.39,231.83,20.58,2920.22,3.58,36.86,41.76,40.89,871.31,12.77,0.02,16.02,0,chemical_facility
62.78,172.3,45.96,240.03,17.36,2304.84,1.98,59.46,39.05,51.62,577.25,13.88,0.03,26.12,0,chemical_facility
88.85,192.82,64.21,231.1,17.29,2283.62,2.32,33.64,21.21,53.34,501.5,4.83,0.04,18.7,0,chemical_facility
77.55,133.11,64.64,229.99,8.85,1826.33,3.16,41.72,39.68,47.63,503.87,3.51,0.04,31.41,0,chemical_facility
73.59,195.1,58.33,221.87,13.43,2000.22,2.47,57.89,23.38,46.99,157.45,10.12,0.01,26.55,0,chemical_facility
79.62,165.81,101.88,224.36,21.41,2011.85,3.53,43.37,16.03,21.52,367.21,8.93,0.03,24.28,0,chemical_facility
